entry,exit,net,lot,credit,reason,max_loss
2023-03-14,2023-03-15,3472.99961135,50,40.45,take_profit,10477.5
2023-03-21,2023-03-22,1745.1122712499998,50,23.75,take_profit,11312.5
2023-03-28,2023-03-29,267.39708195000014,50,7.150000000000001,take_profit,12142.5
2023-04-11,2023-04-12,389.60876630000007,50,6.800000000000001,take_profit,12160.0
2023-04-18,2023-04-19,384.6572663,50,5.749999999999999,take_profit,12212.5
2023-04-25,2023-04-26,204.796031,50,4.25,take_profit,12287.5
2023-05-02,2023-05-03,664.3890528999999,50,6.8,take_profit,12160.0
2023-05-09,2023-05-10,409.46716840000005,50,6.950000000000002,take_profit,12152.5
2023-05-16,2023-05-17,541.95941945,50,6.949999999999999,take_profit,12152.5
2023-05-23,2023-05-24,372.10020095000004,50,5.700000000000001,take_profit,12215.0
2023-05-30,2023-05-31,1019.0000461,50,8.6,take_profit,12070.0
2023-06-06,2023-06-07,239.7162343,50,4.999999999999999,take_profit,12250.0
2023-06-13,2023-06-14,254.6584667,50,5.0,take_profit,12250.0
2023-06-20,2023-06-21,249.6835089,50,5.199999999999999,take_profit,12240.0
2023-07-04,2023-07-05,606.3974212500002,50,9.8,take_profit,12010.0
2023-07-11,2023-07-12,494.4666045,50,5.799999999999998,take_profit,12210.0
2023-07-18,2023-07-19,628.9429496999999,50,11.049999999999999,take_profit,11947.5
2023-07-25,2023-07-26,701.83762975,50,7.899999999999999,take_profit,12105.0
2023-08-01,2023-08-02,3857.3694835999995,50,10.749999999999998,take_profit,11962.5
2023-08-08,2023-08-09,474.39079300000014,50,8.6,take_profit,12070.0
2023-08-22,2023-08-23,212.31391234999998,50,4.1,take_profit,12295.0
2023-08-29,2023-08-30,197.37673405,50,3.9000000000000004,take_profit,12305.0
2023-09-05,2023-09-06,277.09553085,50,5.8999999999999995,take_profit,12205.0
2023-09-12,2023-09-13,546.45033885,50,9.45,take_profit,12027.5
2023-09-26,2023-09-27,319.66270439999994,50,5.85,take_profit,12207.5
2023-10-03,2023-10-04,836.7592617499998,50,8.950000000000001,take_profit,12052.5
2023-10-10,2023-10-11,748.8096231,50,12.700000000000001,take_profit,11865.0
2023-10-17,2023-10-18,744.3729185,50,6.3999999999999995,take_profit,12180.0
2023-10-31,2023-11-01,2165.3780975500003,50,18.35,take_profit,11582.5
2023-11-07,2023-11-08,374.5770372,50,7.4,take_profit,12130.0
2023-11-21,2023-11-22,319.6493548000001,50,6.699999999999999,take_profit,12165.0
2023-11-28,2023-11-29,956.86562615,50,4.7,take_profit,12265.0
2023-12-05,2023-12-06,895.6693468500001,50,16.6,take_profit,11670.0
2023-12-12,2023-12-13,1235.7889156499998,50,20.599999999999998,take_profit,11470.0
2023-12-19,2023-12-20,5251.5592814500005,50,15.049999999999999,take_profit,11747.5
2023-12-26,2023-12-27,2521.9831616,50,21.649999999999995,take_profit,11417.5
2024-01-02,2024-01-03,2682.2407271,50,22.249999999999996,take_profit,11387.5
2024-01-09,2024-01-10,958.7069567,50,17.3,take_profit,11635.0
2024-01-16,2024-01-17,8307.78333365,50,18.9,take_profit,11555.0
2024-01-23,2024-01-24,4761.711223149999,50,37.0,take_profit,10650.0
2024-01-30,2024-01-31,5636.5195045499995,50,66.25,take_profit,9187.5
2024-02-06,2024-02-07,2525.714011299999,50,41.44999999999999,take_profit,10427.5
2024-02-13,2024-02-14,2693.2347742500006,50,40.35000000000001,take_profit,10482.499999999998
2024-02-20,2024-02-21,2871.4075613,50,30.599999999999998,take_profit,10970.0
2024-02-27,2024-02-28,4755.0630867,50,29.849999999999994,take_profit,11007.5
2024-03-05,2024-03-06,1577.4826116,50,25.85,take_profit,11207.5
2024-03-12,2024-03-13,8854.9090741,50,27.350000000000005,take_profit,11132.5
2024-03-19,2024-03-20,2094.6091926500003,50,32.45,take_profit,10877.5
2024-03-26,2024-03-27,1168.3085855000002,50,21.1,take_profit,11445.0
2024-04-02,2024-04-03,1300.85946895,50,18.55,take_profit,11572.5
2024-04-09,2024-04-10,459.5016339000001,50,11.05,take_profit,11947.5
2024-04-16,2024-04-18,738.9509442999997,50,16.2,take_profit,11690.0
2024-04-23,2024-04-24,711.1691356499999,50,12.299999999999999,take_profit,11885.0
2024-04-30,2024-05-02,326.08359087499986,25,16.799999999999997,take_profit,5830.0
2024-05-07,2024-05-08,1203.526391,25,37.75,take_profit,5306.25
2024-05-14,2024-05-15,802.8101747750001,25,23.949999999999996,take_profit,5651.25
2024-05-21,2024-05-22,816.4247501,25,27.750000000000004,take_profit,5556.25
2024-05-28,2024-05-29,1816.6840611249995,25,33.5,take_profit,5412.5
2024-06-04,2024-06-05,7436.317941625,25,118.60000000000002,take_profit,3284.9999999999995
2024-06-11,2024-06-12,1042.2972646750002,25,32.85,take_profit,5428.75
2024-06-18,2024-06-19,457.15302859999997,25,12.549999999999999,take_profit,5936.25
2024-06-25,2024-06-26,882.674471575,25,21.95,take_profit,5701.25
2024-07-02,2024-07-03,772.7899462749998,25,26.099999999999998,take_profit,5597.5
2024-07-09,2024-07-10,578.3956428749999,25,11.4,take_profit,5965.0
2024-07-16,2024-07-18,46.54813932500004,25,5.550000000000001,take_profit,6111.25
2024-07-23,2024-07-24,1193.2270487,25,36.1,take_profit,5347.5
2024-07-30,2024-07-31,687.9803866249998,25,18.75,take_profit,5781.25
2024-08-06,2024-08-07,2314.6769060750003,25,45.900000000000006,take_profit,5102.5
2024-08-13,2024-08-14,282.28163670000004,25,15.05,take_profit,5873.75
2024-08-20,2024-08-21,317.29227935,25,12.15,take_profit,5946.25
2024-08-27,2024-08-28,186.244739225,25,8.6,take_profit,6035.0
2024-09-03,2024-09-04,568.3748262749999,25,12.249999999999998,take_profit,5943.75
2024-09-10,2024-09-11,713.3307265249998,25,11.699999999999996,take_profit,5957.5
2024-09-17,2024-09-18,982.3370141750003,25,16.6,take_profit,5835.0
2024-09-24,2024-09-25,433.111774275,25,14.650000000000002,take_profit,5883.75
2024-10-01,2024-10-03,6490.27645235,25,12.200000000000003,take_profit,5945.0
2024-10-08,2024-10-09,1827.8985081750002,25,48.35,take_profit,5041.25
2024-10-15,2024-10-16,776.7125381499998,25,22.65,take_profit,5683.75
2024-10-22,2024-10-23,1119.6136495750002,25,34.5,take_profit,5387.5
2024-10-29,2024-10-30,619.2888356999999,25,15.3,take_profit,5867.5
2024-11-05,2024-11-06,2297.024202075,25,64.3,take_profit,4642.5
2024-11-12,2024-11-13,3276.23395555,25,30.0,take_profit,5500.0
2024-11-19,2024-11-21,1937.650238125,75,27.0,take_profit,16725.0
2024-11-26,2024-11-27,2588.823276625,75,26.6,take_profit,16755.0
2024-12-03,2024-12-04,5276.500365324999,75,40.15,take_profit,15738.75
2024-12-10,2024-12-11,3491.0174121999994,75,37.199999999999996,take_profit,15960.0
2024-12-17,2024-12-18,5389.362818125001,75,38.6,take_profit,15855.0
2024-12-24,2024-12-26,874.7377795749998,75,12.949999999999998,take_profit,17778.75
2024-12-31,2025-01-01,6112.529837349999,75,48.9,take_profit,15082.5
2025-01-07,2025-01-08,3817.291821325001,75,38.800000000000004,take_profit,15840.0
2025-01-14,2025-01-15,1704.9617572749999,75,16.449999999999996,take_profit,17516.25
2025-01-21,2025-01-22,4250.781578724999,75,45.599999999999994,take_profit,15330.0
2025-01-28,2025-01-29,9218.822458525,75,48.849999999999994,take_profit,15086.25
2025-02-04,2025-02-05,2154.785735425,75,18.9,take_profit,17332.5
2025-02-11,2025-02-12,4765.7273512,75,39.15,take_profit,15813.75
2025-02-18,2025-02-19,3563.4563041750007,75,34.60000000000001,take_profit,16154.999999999998
2025-02-25,2025-02-27,339.31582210000005,75,5.800000000000001,take_profit,18315.0
2025-03-04,2025-03-05,3893.6021829250003,75,32.4,take_profit,16320.0
2025-03-11,2025-03-12,2795.49276715,75,28.1,take_profit,16642.5
2025-03-18,2025-03-19,2627.054268925,75,21.4,take_profit,17145.0
2025-03-25,2025-03-26,4371.836562625001,75,28.450000000000006,take_profit,16616.25
2025-04-01,2025-04-02,3116.1984413500004,75,30.200000000000003,take_profit,16485.0
2025-04-08,2025-04-09,4349.420726125001,75,59.400000000000006,take_profit,14295.0
2025-04-15,2025-04-16,2925.4260435249994,75,21.45,take_profit,17141.25
2025-04-22,2025-04-23,2771.34412285,75,20.15,take_profit,17238.75
2025-04-29,2025-04-30,465.6426061000002,75,7.450000000000003,take_profit,18191.25
2025-05-06,2025-05-07,1813.7686455250002,75,14.800000000000004,take_profit,17640.0
2025-05-13,2025-05-14,5447.7440785750005,75,53.300000000000004,take_profit,14752.5
2025-05-20,2025-05-21,5104.668529075,75,37.0,take_profit,15975.0
2025-05-27,2025-05-28,8861.094083425,75,82.35000000000001,take_profit,12573.749999999998
2025-06-03,2025-06-04,5328.389965975,75,55.49999999999999,take_profit,14587.5
2025-06-10,2025-06-11,2053.86371245,75,18.65,take_profit,17351.25
2025-06-17,2025-06-18,3415.85558215,75,28.1,take_profit,16642.5
2025-06-24,2025-06-25,3435.6659370250004,75,27.300000000000004,take_profit,16702.5
2025-07-01,2025-07-02,2489.1714055,75,16.650000000000002,take_profit,17501.25
2025-07-08,2025-07-09,1747.12549645,75,14.750000000000002,take_profit,17643.75
2025-07-15,2025-07-16,1020.8544269500001,75,10.25,take_profit,17981.25
2025-07-22,2025-07-23,788.7416936499998,75,7.399999999999999,take_profit,18195.0
2025-07-29,2025-07-30,1627.34057605,75,15.4,take_profit,17595.0
2025-08-05,2025-08-06,1923.348098425,75,15.200000000000003,take_profit,17610.0
2025-08-12,2025-08-13,1211.720662825,75,12.249999999999998,take_profit,17831.25
2025-08-19,2025-08-20,1009.609117825,75,10.35,take_profit,17973.75
2025-08-26,2025-08-28,751.0552264000004,75,11.150000000000004,take_profit,17913.75
2025-09-02,2025-09-03,4927.850098300002,75,41.10000000000001,take_profit,15667.499999999998
2025-09-09,2025-09-10,4363.253796474999,75,33.8,take_profit,16215.0
2025-09-16,2025-09-17,4681.299159100001,75,36.75,take_profit,15993.75
2025-09-23,2025-09-24,4648.056940674999,75,32.849999999999994,take_profit,16286.25
2025-09-30,2025-10-01,6956.087044374999,75,42.949999999999996,take_profit,15528.75
2025-10-07,2025-10-08,4701.044293075,75,28.800000000000004,take_profit,16590.0
2025-10-14,2025-10-15,5569.363394124999,75,40.75,take_profit,15693.75
2025-10-21,2025-10-23,4928.32615945,75,39.25,take_profit,15806.25
2025-10-28,2025-10-29,9876.119760250001,75,62.80000000000001,take_profit,14040.0
2025-11-04,2025-11-06,5673.372790075,75,45.2,take_profit,15360.0
2025-11-11,2025-11-12,7249.043487100001,75,50.30000000000001,take_profit,14977.5
2025-11-18,2025-11-19,8151.2538123250015,75,56.75000000000001,take_profit,14493.75
2025-11-25,2025-11-26,10186.63632235,75,46.95,take_profit,15228.75
2025-12-02,2025-12-03,6759.977663725,75,45.49999999999999,take_profit,15337.5
2025-12-09,2025-12-10,6299.1747961,75,40.35,take_profit,15723.75
2025-12-16,2025-12-17,4723.167793675,75,34.7,take_profit,16147.5
2025-12-23,2025-12-24,2176.909651075,75,21.250000000000004,take_profit,17156.25
2025-12-30,2025-12-31,4082.528423525001,65,22.249999999999996,take_profit,14803.75
2026-01-06,2026-01-07,3202.15374672,65,27.1,take_profit,14488.5
2026-01-13,2026-01-14,5039.659338914999,65,41.45,take_profit,13555.75
2026-01-20,2026-01-21,6740.172862129999,65,53.55,take_profit,12769.25
2026-01-27,2026-01-28,13775.31394861,65,112.1,take_profit,8963.5
2026-02-03,2026-02-04,8165.486887850002,65,73.35000000000002,take_profit,11482.249999999998
2026-02-10,2026-02-11,4185.05590553,65,38.24999999999999,take_profit,13763.75
2026-02-17,2026-02-18,5644.79760219,65,49.95,take_profit,13003.25
2026-02-24,2026-02-25,8400.74313921,65,75.15,take_profit,11365.25
2026-03-10,2026-03-11,16300.250428325,65,117.0,take_profit,8645.0
2026-03-17,2026-03-18,13671.358358885,65,110.2,take_profit,9087.0
2026-03-24,2026-03-25,19155.705125679997,65,141.15,take_profit,7075.25
2026-04-07,2026-04-08,23173.691511404995,65,150.45,take_profit,6470.750000000001
2026-04-21,2026-04-22,13934.307309825002,65,111.60000000000001,take_profit,8995.999999999998
2026-04-28,2026-04-29,12633.808797979998,65,95.75,take_profit,10026.25
2026-05-05,2026-05-06,13389.565744665004,65,94.65,take_profit,10097.75
2026-05-12,2026-05-13,13335.348022210004,65,108.05000000000001,take_profit,9226.75
2026-05-19,2026-05-20,12354.23905181,65,99.39999999999999,take_profit,9789.000000000002
2026-05-26,2026-05-27,9058.06370688,65,81.65,take_profit,10942.75
2026-06-02,2026-06-03,11319.02033416,65,83.1,take_profit,10848.5
2026-06-09,2026-06-10,9855.452727360002,65,77.60000000000002,take_profit,11205.999999999998
2026-06-16,2026-06-17,7747.994196910001,65,64.25,take_profit,12073.75
2026-06-23,2026-06-24,8151.0371311,65,62.54999999999999,take_profit,12184.250000000002
2026-06-30,2026-07-01,8775.0922212,65,69.35,take_profit,11742.25
2026-07-07,2026-07-08,11956.81616413,65,43.550000000000004,take_profit,13419.25
2026-07-14,2026-07-15,8539.7912098,65,71.9,take_profit,11576.5
2026-07-21,2026-07-22,8653.745928795,65,62.199999999999996,take_profit,12207.0
2026-07-28,2026-07-29,8880.707547119999,65,56.59999999999999,take_profit,12571.0
2026-08-04,2026-08-05,5815.780300310001,65,47.2,take_profit,13182.0
2026-08-11,2026-08-12,5596.255212059999,65,48.449999999999996,take_profit,13100.75
2026-08-18,2026-08-19,5070.48189269,65,41.4,take_profit,13559.0
2026-08-25,2026-08-26,4048.7111326149998,65,35.9,take_profit,13916.5
2026-09-01,2026-09-02,5881.11466772,65,44.6,take_profit,13351.0
2026-09-08,2026-09-09,7055.50027037,65,43.599999999999994,take_profit,13416.0
2026-09-15,2026-09-16,7970.310791995002,65,67.95,take_profit,11833.25
