distance,width,take_profit,stop_loss,trades,score,win_rate,total_return,median_trade,worst_trade
0.0125,250,0.4,1.0,249,0.43901371556172897,1.0,8.05224509609525,1967.769436,10.183363449999959
0.0125,250,0.4,1.25,249,0.43901371556172897,1.0,8.05224509609525,1967.769436,10.183363449999959
0.0125,250,0.4,1.5,249,0.43901371556172897,1.0,8.05224509609525,1967.769436,10.183363449999959
0.0125,250,0.4,2.0,249,0.43901371556172897,1.0,8.05224509609525,1967.769436,10.183363449999959
0.0125,250,0.5,1.0,249,0.43901371556172897,1.0,8.05224509609525,1967.769436,10.183363449999959
0.0125,250,0.5,1.25,249,0.43901371556172897,1.0,8.05224509609525,1967.769436,10.183363449999959
0.0125,250,0.5,1.5,249,0.43901371556172897,1.0,8.05224509609525,1967.769436,10.183363449999959
0.0125,250,0.5,2.0,249,0.43901371556172897,1.0,8.05224509609525,1967.769436,10.183363449999959
0.0125,250,0.6,1.0,249,0.43901371556172897,1.0,8.05224509609525,1967.769436,10.183363449999959
0.0125,250,0.6,1.25,249,0.43901371556172897,1.0,8.05224509609525,1967.769436,10.183363449999959
0.0125,250,0.6,1.5,249,0.43901371556172897,1.0,8.05224509609525,1967.769436,10.183363449999959
0.0125,250,0.6,2.0,249,0.43901371556172897,1.0,8.05224509609525,1967.769436,10.183363449999959
0.0125,250,0.7,1.0,249,0.43901371556172897,1.0,8.05224509609525,1967.769436,10.183363449999959
0.0125,250,0.7,1.25,249,0.43901371556172897,1.0,8.05224509609525,1967.769436,10.183363449999959
0.0125,250,0.7,1.5,249,0.43901371556172897,1.0,8.05224509609525,1967.769436,10.183363449999959
0.0125,250,0.7,2.0,249,0.43901371556172897,1.0,8.05224509609525,1967.769436,10.183363449999959
0.0125,200,0.4,1.0,249,0.4296285760858554,1.0,7.322639452604749,1825.7434204750007,10.179725949999977
0.0125,200,0.4,1.25,249,0.4296285760858554,1.0,7.322639452604749,1825.7434204750007,10.179725949999977
0.0125,200,0.4,1.5,249,0.4296285760858554,1.0,7.322639452604749,1825.7434204750007,10.179725949999977
0.0125,200,0.4,2.0,249,0.4296285760858554,1.0,7.322639452604749,1825.7434204750007,10.179725949999977
0.0125,200,0.5,1.0,249,0.4296285760858554,1.0,7.322639452604749,1825.7434204750007,10.179725949999977
0.0125,200,0.5,1.25,249,0.4296285760858554,1.0,7.322639452604749,1825.7434204750007,10.179725949999977
0.0125,200,0.5,1.5,249,0.4296285760858554,1.0,7.322639452604749,1825.7434204750007,10.179725949999977
0.0125,200,0.5,2.0,249,0.4296285760858554,1.0,7.322639452604749,1825.7434204750007,10.179725949999977
0.0125,200,0.6,1.0,249,0.4296285760858554,1.0,7.322639452604749,1825.7434204750007,10.179725949999977
0.0125,200,0.6,1.25,249,0.4296285760858554,1.0,7.322639452604749,1825.7434204750007,10.179725949999977
0.0125,200,0.6,1.5,249,0.4296285760858554,1.0,7.322639452604749,1825.7434204750007,10.179725949999977
0.0125,200,0.6,2.0,249,0.4296285760858554,1.0,7.322639452604749,1825.7434204750007,10.179725949999977
0.0125,200,0.7,1.0,249,0.4296285760858554,1.0,7.322639452604749,1825.7434204750007,10.179725949999977
0.0125,200,0.7,1.25,249,0.4296285760858554,1.0,7.322639452604749,1825.7434204750007,10.179725949999977
0.0125,200,0.7,1.5,249,0.4296285760858554,1.0,7.322639452604749,1825.7434204750007,10.179725949999977
0.0125,200,0.7,2.0,249,0.4296285760858554,1.0,7.322639452604749,1825.7434204750007,10.179725949999977
0.0125,150,0.4,1.0,249,0.4173140926449864,0.9959839357429718,6.335990037888,1641.8790649000005,-1.0752710750000176
0.0125,150,0.4,1.25,249,0.4173140926449864,0.9959839357429718,6.335990037888,1641.8790649000005,-1.0752710750000176
0.0125,150,0.4,1.5,249,0.4173140926449864,0.9959839357429718,6.335990037888,1641.8790649000005,-1.0752710750000176
0.0125,150,0.4,2.0,249,0.4173140926449864,0.9959839357429718,6.335990037888,1641.8790649000005,-1.0752710750000176
0.0125,150,0.5,1.0,249,0.4173140926449864,0.9959839357429718,6.335990037888,1641.8790649000005,-1.0752710750000176
0.0125,150,0.5,1.25,249,0.4173140926449864,0.9959839357429718,6.335990037888,1641.8790649000005,-1.0752710750000176
0.0125,150,0.5,1.5,249,0.4173140926449864,0.9959839357429718,6.335990037888,1641.8790649000005,-1.0752710750000176
0.0125,150,0.5,2.0,249,0.4173140926449864,0.9959839357429718,6.335990037888,1641.8790649000005,-1.0752710750000176
0.0125,150,0.6,1.0,249,0.4173140926449864,0.9959839357429718,6.335990037888,1641.8790649000005,-1.0752710750000176
0.0125,150,0.6,1.25,249,0.4173140926449864,0.9959839357429718,6.335990037888,1641.8790649000005,-1.0752710750000176
0.0125,150,0.6,1.5,249,0.4173140926449864,0.9959839357429718,6.335990037888,1641.8790649000005,-1.0752710750000176
0.0125,150,0.6,2.0,249,0.4173140926449864,0.9959839357429718,6.335990037888,1641.8790649000005,-1.0752710750000176
0.0125,150,0.7,1.0,249,0.4173140926449864,0.9959839357429718,6.335990037888,1641.8790649000005,-1.0752710750000176
0.0125,150,0.7,1.25,249,0.4173140926449864,0.9959839357429718,6.335990037888,1641.8790649000005,-1.0752710750000176
0.0125,150,0.7,1.5,249,0.4173140926449864,0.9959839357429718,6.335990037888,1641.8790649000005,-1.0752710750000176
0.0125,150,0.7,2.0,249,0.4173140926449864,0.9959839357429718,6.335990037888,1641.8790649000005,-1.0752710750000176
0.015,250,0.4,1.0,249,0.4117604580881059,0.9959839357429718,6.2318695414712515,1368.761564575,-16.02254547500003
0.015,250,0.4,1.25,249,0.4117604580881059,0.9959839357429718,6.2318695414712515,1368.761564575,-16.02254547500003
0.015,250,0.4,1.5,249,0.4117604580881059,0.9959839357429718,6.2318695414712515,1368.761564575,-16.02254547500003
0.015,250,0.4,2.0,249,0.4117604580881059,0.9959839357429718,6.2318695414712515,1368.761564575,-16.02254547500003
0.015,250,0.5,1.0,249,0.4117604580881059,0.9959839357429718,6.2318695414712515,1368.761564575,-16.02254547500003
0.015,250,0.5,1.25,249,0.4117604580881059,0.9959839357429718,6.2318695414712515,1368.761564575,-16.02254547500003
0.015,250,0.5,1.5,249,0.4117604580881059,0.9959839357429718,6.2318695414712515,1368.761564575,-16.02254547500003
0.015,250,0.5,2.0,249,0.4117604580881059,0.9959839357429718,6.2318695414712515,1368.761564575,-16.02254547500003
0.015,250,0.6,1.0,249,0.4117604580881059,0.9959839357429718,6.2318695414712515,1368.761564575,-16.02254547500003
0.015,250,0.6,1.25,249,0.4117604580881059,0.9959839357429718,6.2318695414712515,1368.761564575,-16.02254547500003
0.015,250,0.6,1.5,249,0.4117604580881059,0.9959839357429718,6.2318695414712515,1368.761564575,-16.02254547500003
0.015,250,0.6,2.0,249,0.4117604580881059,0.9959839357429718,6.2318695414712515,1368.761564575,-16.02254547500003
0.015,250,0.7,1.0,249,0.4117604580881059,0.9959839357429718,6.2318695414712515,1368.761564575,-16.02254547500003
0.015,250,0.7,1.25,249,0.4117604580881059,0.9959839357429718,6.2318695414712515,1368.761564575,-16.02254547500003
0.015,250,0.7,1.5,249,0.4117604580881059,0.9959839357429718,6.2318695414712515,1368.761564575,-16.02254547500003
0.015,250,0.7,2.0,249,0.4117604580881059,0.9959839357429718,6.2318695414712515,1368.761564575,-16.02254547500003
0.015,200,0.4,1.0,249,0.4045425044202043,0.9919678714859438,5.667550379828251,1271.784300925,-16.026182975000026
0.015,200,0.4,1.25,249,0.4045425044202043,0.9919678714859438,5.667550379828251,1271.784300925,-16.026182975000026
0.015,200,0.4,1.5,249,0.4045425044202043,0.9919678714859438,5.667550379828251,1271.784300925,-16.026182975000026
0.015,200,0.4,2.0,249,0.4045425044202043,0.9919678714859438,5.667550379828251,1271.784300925,-16.026182975000026
0.015,200,0.5,1.0,249,0.4045425044202043,0.9919678714859438,5.667550379828251,1271.784300925,-16.026182975000026
0.015,200,0.5,1.25,249,0.4045425044202043,0.9919678714859438,5.667550379828251,1271.784300925,-16.026182975000026
0.015,200,0.5,1.5,249,0.4045425044202043,0.9919678714859438,5.667550379828251,1271.784300925,-16.026182975000026
0.015,200,0.5,2.0,249,0.4045425044202043,0.9919678714859438,5.667550379828251,1271.784300925,-16.026182975000026
0.015,200,0.6,1.0,249,0.4045425044202043,0.9919678714859438,5.667550379828251,1271.784300925,-16.026182975000026
0.015,200,0.6,1.25,249,0.4045425044202043,0.9919678714859438,5.667550379828251,1271.784300925,-16.026182975000026
0.015,200,0.6,1.5,249,0.4045425044202043,0.9919678714859438,5.667550379828251,1271.784300925,-16.026182975000026
0.015,200,0.6,2.0,249,0.4045425044202043,0.9919678714859438,5.667550379828251,1271.784300925,-16.026182975000026
0.015,200,0.7,1.0,249,0.4045425044202043,0.9919678714859438,5.667550379828251,1271.784300925,-16.026182975000026
0.015,200,0.7,1.25,249,0.4045425044202043,0.9919678714859438,5.667550379828251,1271.784300925,-16.026182975000026
0.015,200,0.7,1.5,249,0.4045425044202043,0.9919678714859438,5.667550379828251,1271.784300925,-16.026182975000026
0.015,200,0.7,2.0,249,0.4045425044202043,0.9919678714859438,5.667550379828251,1271.784300925,-16.026182975000026
0.0125,100,0.4,1.0,249,0.4033758243150276,0.9959839357429718,4.9155655298614995,1352.5483044000005,-8.574964924999989
0.0125,100,0.4,1.25,249,0.4033758243150276,0.9959839357429718,4.9155655298614995,1352.5483044000005,-8.574964924999989
0.0125,100,0.4,1.5,249,0.4033758243150276,0.9959839357429718,4.9155655298614995,1352.5483044000005,-8.574964924999989
0.0125,100,0.4,2.0,249,0.4033758243150276,0.9959839357429718,4.9155655298614995,1352.5483044000005,-8.574964924999989
0.0125,100,0.5,1.0,249,0.4033758243150276,0.9959839357429718,4.9155655298614995,1352.5483044000005,-8.574964924999989
0.0125,100,0.5,1.25,249,0.4033758243150276,0.9959839357429718,4.9155655298614995,1352.5483044000005,-8.574964924999989
0.0125,100,0.5,1.5,249,0.4033758243150276,0.9959839357429718,4.9155655298614995,1352.5483044000005,-8.574964924999989
0.0125,100,0.5,2.0,249,0.4033758243150276,0.9959839357429718,4.9155655298614995,1352.5483044000005,-8.574964924999989
0.0125,100,0.6,1.0,249,0.4033758243150276,0.9959839357429718,4.9155655298614995,1352.5483044000005,-8.574964924999989
0.0125,100,0.6,1.25,249,0.4033758243150276,0.9959839357429718,4.9155655298614995,1352.5483044000005,-8.574964924999989
0.0125,100,0.6,1.5,249,0.4033758243150276,0.9959839357429718,4.9155655298614995,1352.5483044000005,-8.574964924999989
0.0125,100,0.6,2.0,249,0.4033758243150276,0.9959839357429718,4.9155655298614995,1352.5483044000005,-8.574964924999989
0.0125,100,0.7,1.0,249,0.4033758243150276,0.9959839357429718,4.9155655298614995,1352.5483044000005,-8.574964924999989
0.0125,100,0.7,1.25,249,0.4033758243150276,0.9959839357429718,4.9155655298614995,1352.5483044000005,-8.574964924999989
0.0125,100,0.7,1.5,249,0.4033758243150276,0.9959839357429718,4.9155655298614995,1352.5483044000005,-8.574964924999989
0.0125,100,0.7,2.0,249,0.4033758243150276,0.9959839357429718,4.9155655298614995,1352.5483044000005,-8.574964924999989
0.015,150,0.4,1.0,249,0.3989911710285934,0.9959839357429718,4.869093023306,1129.1195340250001,-34.784511350000024
0.015,150,0.4,1.25,249,0.3989911710285934,0.9959839357429718,4.869093023306,1129.1195340250001,-34.784511350000024
0.015,150,0.4,1.5,249,0.3989911710285934,0.9959839357429718,4.869093023306,1129.1195340250001,-34.784511350000024
0.015,150,0.4,2.0,249,0.3989911710285934,0.9959839357429718,4.869093023306,1129.1195340250001,-34.784511350000024
0.015,150,0.5,1.0,249,0.3989911710285934,0.9959839357429718,4.869093023306,1129.1195340250001,-34.784511350000024
0.015,150,0.5,1.25,249,0.3989911710285934,0.9959839357429718,4.869093023306,1129.1195340250001,-34.784511350000024
0.015,150,0.5,1.5,249,0.3989911710285934,0.9959839357429718,4.869093023306,1129.1195340250001,-34.784511350000024
0.015,150,0.5,2.0,249,0.3989911710285934,0.9959839357429718,4.869093023306,1129.1195340250001,-34.784511350000024
0.015,150,0.6,1.0,249,0.3989911710285934,0.9959839357429718,4.869093023306,1129.1195340250001,-34.784511350000024
0.015,150,0.6,1.25,249,0.3989911710285934,0.9959839357429718,4.869093023306,1129.1195340250001,-34.784511350000024
0.015,150,0.6,1.5,249,0.3989911710285934,0.9959839357429718,4.869093023306,1129.1195340250001,-34.784511350000024
0.015,150,0.6,2.0,249,0.3989911710285934,0.9959839357429718,4.869093023306,1129.1195340250001,-34.784511350000024
0.015,150,0.7,1.0,249,0.3989911710285934,0.9959839357429718,4.869093023306,1129.1195340250001,-34.784511350000024
0.015,150,0.7,1.25,249,0.3989911710285934,0.9959839357429718,4.869093023306,1129.1195340250001,-34.784511350000024
0.015,150,0.7,1.5,249,0.3989911710285934,0.9959839357429718,4.869093023306,1129.1195340250001,-34.784511350000024
0.015,150,0.7,2.0,249,0.3989911710285934,0.9959839357429718,4.869093023306,1129.1195340250001,-34.784511350000024
0.0175,250,0.4,1.0,248,0.38991778821130346,0.9879032258064516,4.82563696902125,851.385029025,-79.75422305000001
0.0175,250,0.4,1.25,248,0.38991778821130346,0.9879032258064516,4.82563696902125,851.385029025,-79.75422305000001
0.0175,250,0.4,1.5,248,0.38991778821130346,0.9879032258064516,4.82563696902125,851.385029025,-79.75422305000001
0.0175,250,0.4,2.0,248,0.38991778821130346,0.9879032258064516,4.82563696902125,851.385029025,-79.75422305000001
0.0175,250,0.5,1.0,248,0.38991778821130346,0.9879032258064516,4.82563696902125,851.385029025,-79.75422305000001
0.0175,250,0.5,1.25,248,0.38991778821130346,0.9879032258064516,4.82563696902125,851.385029025,-79.75422305000001
0.0175,250,0.5,1.5,248,0.38991778821130346,0.9879032258064516,4.82563696902125,851.385029025,-79.75422305000001
0.0175,250,0.5,2.0,248,0.38991778821130346,0.9879032258064516,4.82563696902125,851.385029025,-79.75422305000001
0.0175,250,0.6,1.0,248,0.38991778821130346,0.9879032258064516,4.82563696902125,851.385029025,-79.75422305000001
0.0175,250,0.6,1.25,248,0.38991778821130346,0.9879032258064516,4.82563696902125,851.385029025,-79.75422305000001
0.0175,250,0.6,1.5,248,0.38991778821130346,0.9879032258064516,4.82563696902125,851.385029025,-79.75422305000001
0.0175,250,0.6,2.0,248,0.38991778821130346,0.9879032258064516,4.82563696902125,851.385029025,-79.75422305000001
0.0175,250,0.7,1.0,248,0.38991778821130346,0.9879032258064516,4.82563696902125,851.385029025,-79.75422305000001
0.0175,250,0.7,1.25,248,0.38991778821130346,0.9879032258064516,4.82563696902125,851.385029025,-79.75422305000001
0.0175,250,0.7,1.5,248,0.38991778821130346,0.9879032258064516,4.82563696902125,851.385029025,-79.75422305000001
0.0175,250,0.7,2.0,248,0.38991778821130346,0.9879032258064516,4.82563696902125,851.385029025,-79.75422305000001
0.015,100,0.4,1.0,249,0.3846537222502344,0.9879518072289156,3.7534830623712496,916.45083175,-31.029208175
0.015,100,0.4,1.25,249,0.3846537222502344,0.9879518072289156,3.7534830623712496,916.45083175,-31.029208175
0.015,100,0.4,1.5,249,0.3846537222502344,0.9879518072289156,3.7534830623712496,916.45083175,-31.029208175
0.015,100,0.4,2.0,249,0.3846537222502344,0.9879518072289156,3.7534830623712496,916.45083175,-31.029208175
0.015,100,0.5,1.0,249,0.3846537222502344,0.9879518072289156,3.7534830623712496,916.45083175,-31.029208175
0.015,100,0.5,1.25,249,0.3846537222502344,0.9879518072289156,3.7534830623712496,916.45083175,-31.029208175
0.015,100,0.5,1.5,249,0.3846537222502344,0.9879518072289156,3.7534830623712496,916.45083175,-31.029208175
0.015,100,0.5,2.0,249,0.3846537222502344,0.9879518072289156,3.7534830623712496,916.45083175,-31.029208175
0.015,100,0.6,1.0,249,0.3846537222502344,0.9879518072289156,3.7534830623712496,916.45083175,-31.029208175
0.015,100,0.6,1.25,249,0.3846537222502344,0.9879518072289156,3.7534830623712496,916.45083175,-31.029208175
0.015,100,0.6,1.5,249,0.3846537222502344,0.9879518072289156,3.7534830623712496,916.45083175,-31.029208175
0.015,100,0.6,2.0,249,0.3846537222502344,0.9879518072289156,3.7534830623712496,916.45083175,-31.029208175
0.015,100,0.7,1.0,249,0.3846537222502344,0.9879518072289156,3.7534830623712496,916.45083175,-31.029208175
0.015,100,0.7,1.25,249,0.3846537222502344,0.9879518072289156,3.7534830623712496,916.45083175,-31.029208175
0.015,100,0.7,1.5,249,0.3846537222502344,0.9879518072289156,3.7534830623712496,916.45083175,-31.029208175
0.015,100,0.7,2.0,249,0.3846537222502344,0.9879518072289156,3.7534830623712496,916.45083175,-31.029208175
0.0175,200,0.4,1.0,249,0.38445897715472493,0.9839357429718876,4.36410635424775,774.3368738500001,-32.14351364999999
0.0175,200,0.4,1.25,249,0.38445897715472493,0.9839357429718876,4.36410635424775,774.3368738500001,-32.14351364999999
0.0175,200,0.4,1.5,249,0.38445897715472493,0.9839357429718876,4.36410635424775,774.3368738500001,-32.14351364999999
0.0175,200,0.4,2.0,249,0.38445897715472493,0.9839357429718876,4.36410635424775,774.3368738500001,-32.14351364999999
0.0175,200,0.5,1.0,249,0.38445897715472493,0.9839357429718876,4.36410635424775,774.3368738500001,-32.14351364999999
0.0175,200,0.5,1.25,249,0.38445897715472493,0.9839357429718876,4.36410635424775,774.3368738500001,-32.14351364999999
0.0175,200,0.5,1.5,249,0.38445897715472493,0.9839357429718876,4.36410635424775,774.3368738500001,-32.14351364999999
0.0175,200,0.5,2.0,249,0.38445897715472493,0.9839357429718876,4.36410635424775,774.3368738500001,-32.14351364999999
0.0175,200,0.6,1.0,249,0.38445897715472493,0.9839357429718876,4.36410635424775,774.3368738500001,-32.14351364999999
0.0175,200,0.6,1.25,249,0.38445897715472493,0.9839357429718876,4.36410635424775,774.3368738500001,-32.14351364999999
0.0175,200,0.6,1.5,249,0.38445897715472493,0.9839357429718876,4.36410635424775,774.3368738500001,-32.14351364999999
0.0175,200,0.6,2.0,249,0.38445897715472493,0.9839357429718876,4.36410635424775,774.3368738500001,-32.14351364999999
0.0175,200,0.7,1.0,249,0.38445897715472493,0.9839357429718876,4.36410635424775,774.3368738500001,-32.14351364999999
0.0175,200,0.7,1.25,249,0.38445897715472493,0.9839357429718876,4.36410635424775,774.3368738500001,-32.14351364999999
0.0175,200,0.7,1.5,249,0.38445897715472493,0.9839357429718876,4.36410635424775,774.3368738500001,-32.14351364999999
0.0175,200,0.7,2.0,249,0.38445897715472493,0.9839357429718876,4.36410635424775,774.3368738500001,-32.14351364999999
0.0175,150,0.4,1.0,249,0.38135939959746384,0.9879518072289156,3.6994054390802504,702.630665875,-32.141088649999986
0.0175,150,0.4,1.25,249,0.38135939959746384,0.9879518072289156,3.6994054390802504,702.630665875,-32.141088649999986
0.0175,150,0.4,1.5,249,0.38135939959746384,0.9879518072289156,3.6994054390802504,702.630665875,-32.141088649999986
0.0175,150,0.4,2.0,249,0.38135939959746384,0.9879518072289156,3.6994054390802504,702.630665875,-32.141088649999986
0.0175,150,0.5,1.0,249,0.38135939959746384,0.9879518072289156,3.6994054390802504,702.630665875,-32.141088649999986
0.0175,150,0.5,1.25,249,0.38135939959746384,0.9879518072289156,3.6994054390802504,702.630665875,-32.141088649999986
0.0175,150,0.5,1.5,249,0.38135939959746384,0.9879518072289156,3.6994054390802504,702.630665875,-32.141088649999986
0.0175,150,0.5,2.0,249,0.38135939959746384,0.9879518072289156,3.6994054390802504,702.630665875,-32.141088649999986
0.0175,150,0.6,1.0,249,0.38135939959746384,0.9879518072289156,3.6994054390802504,702.630665875,-32.141088649999986
0.0175,150,0.6,1.25,249,0.38135939959746384,0.9879518072289156,3.6994054390802504,702.630665875,-32.141088649999986
0.0175,150,0.6,1.5,249,0.38135939959746384,0.9879518072289156,3.6994054390802504,702.630665875,-32.141088649999986
0.0175,150,0.6,2.0,249,0.38135939959746384,0.9879518072289156,3.6994054390802504,702.630665875,-32.141088649999986
0.0175,150,0.7,1.0,249,0.38135939959746384,0.9879518072289156,3.6994054390802504,702.630665875,-32.141088649999986
0.0175,150,0.7,1.25,249,0.38135939959746384,0.9879518072289156,3.6994054390802504,702.630665875,-32.141088649999986
0.0175,150,0.7,1.5,249,0.38135939959746384,0.9879518072289156,3.6994054390802504,702.630665875,-32.141088649999986
0.0175,150,0.7,2.0,249,0.38135939959746384,0.9879518072289156,3.6994054390802504,702.630665875,-32.141088649999986
0.02,250,0.4,1.0,248,0.3729883883823034,0.9717741935483871,3.87721847340925,625.6329586375,-184.869056
0.02,250,0.4,1.25,248,0.3729883883823034,0.9717741935483871,3.87721847340925,625.6329586375,-184.869056
0.02,250,0.4,1.5,248,0.3729883883823034,0.9717741935483871,3.87721847340925,625.6329586375,-184.869056
0.02,250,0.4,2.0,248,0.3729883883823034,0.9717741935483871,3.87721847340925,625.6329586375,-184.869056
0.02,250,0.5,1.0,248,0.3729883883823034,0.9717741935483871,3.87721847340925,625.6329586375,-184.869056
0.02,250,0.5,1.25,248,0.3729883883823034,0.9717741935483871,3.87721847340925,625.6329586375,-184.869056
0.02,250,0.5,1.5,248,0.3729883883823034,0.9717741935483871,3.87721847340925,625.6329586375,-184.869056
0.02,250,0.5,2.0,248,0.3729883883823034,0.9717741935483871,3.87721847340925,625.6329586375,-184.869056
0.02,250,0.6,1.0,248,0.3729883883823034,0.9717741935483871,3.87721847340925,625.6329586375,-184.869056
0.02,250,0.6,1.25,248,0.3729883883823034,0.9717741935483871,3.87721847340925,625.6329586375,-184.869056
0.02,250,0.6,1.5,248,0.3729883883823034,0.9717741935483871,3.87721847340925,625.6329586375,-184.869056
0.02,250,0.6,2.0,248,0.3729883883823034,0.9717741935483871,3.87721847340925,625.6329586375,-184.869056
0.02,250,0.7,1.0,248,0.3729883883823034,0.9717741935483871,3.87721847340925,625.6329586375,-184.869056
0.02,250,0.7,1.25,248,0.3729883883823034,0.9717741935483871,3.87721847340925,625.6329586375,-184.869056
0.02,250,0.7,1.5,248,0.3729883883823034,0.9717741935483871,3.87721847340925,625.6329586375,-184.869056
0.02,250,0.7,2.0,248,0.3729883883823034,0.9717741935483871,3.87721847340925,625.6329586375,-184.869056
0.02,200,0.4,1.0,248,0.3719922968508458,0.9758064516129032,3.48401260449075,583.1009536375,-98.47073832500001
0.02,200,0.4,1.25,248,0.3719922968508458,0.9758064516129032,3.48401260449075,583.1009536375,-98.47073832500001
0.02,200,0.4,1.5,248,0.3719922968508458,0.9758064516129032,3.48401260449075,583.1009536375,-98.47073832500001
0.02,200,0.4,2.0,248,0.3719922968508458,0.9758064516129032,3.48401260449075,583.1009536375,-98.47073832500001
0.02,200,0.5,1.0,248,0.3719922968508458,0.9758064516129032,3.48401260449075,583.1009536375,-98.47073832500001
0.02,200,0.5,1.25,248,0.3719922968508458,0.9758064516129032,3.48401260449075,583.1009536375,-98.47073832500001
0.02,200,0.5,1.5,248,0.3719922968508458,0.9758064516129032,3.48401260449075,583.1009536375,-98.47073832500001
0.02,200,0.5,2.0,248,0.3719922968508458,0.9758064516129032,3.48401260449075,583.1009536375,-98.47073832500001
0.02,200,0.6,1.0,248,0.3719922968508458,0.9758064516129032,3.48401260449075,583.1009536375,-98.47073832500001
0.02,200,0.6,1.25,248,0.3719922968508458,0.9758064516129032,3.48401260449075,583.1009536375,-98.47073832500001
0.02,200,0.6,1.5,248,0.3719922968508458,0.9758064516129032,3.48401260449075,583.1009536375,-98.47073832500001
0.02,200,0.6,2.0,248,0.3719922968508458,0.9758064516129032,3.48401260449075,583.1009536375,-98.47073832500001
0.02,200,0.7,1.0,248,0.3719922968508458,0.9758064516129032,3.48401260449075,583.1009536375,-98.47073832500001
0.02,200,0.7,1.25,248,0.3719922968508458,0.9758064516129032,3.48401260449075,583.1009536375,-98.47073832500001
0.02,200,0.7,1.5,248,0.3719922968508458,0.9758064516129032,3.48401260449075,583.1009536375,-98.47073832500001
0.02,200,0.7,2.0,248,0.3719922968508458,0.9758064516129032,3.48401260449075,583.1009536375,-98.47073832500001
0.0175,100,0.4,1.0,249,0.36689725936192275,0.9718875502008032,2.8178739676180005,562.5499839999998,-49.76329865000002
0.0175,100,0.4,1.25,249,0.36689725936192275,0.9718875502008032,2.8178739676180005,562.5499839999998,-49.76329865000002
0.0175,100,0.4,1.5,249,0.36689725936192275,0.9718875502008032,2.8178739676180005,562.5499839999998,-49.76329865000002
0.0175,100,0.4,2.0,249,0.36689725936192275,0.9718875502008032,2.8178739676180005,562.5499839999998,-49.76329865000002
0.0175,100,0.5,1.0,249,0.36689725936192275,0.9718875502008032,2.8178739676180005,562.5499839999998,-49.76329865000002
0.0175,100,0.5,1.25,249,0.36689725936192275,0.9718875502008032,2.8178739676180005,562.5499839999998,-49.76329865000002
0.0175,100,0.5,1.5,249,0.36689725936192275,0.9718875502008032,2.8178739676180005,562.5499839999998,-49.76329865000002
0.0175,100,0.5,2.0,249,0.36689725936192275,0.9718875502008032,2.8178739676180005,562.5499839999998,-49.76329865000002
0.0175,100,0.6,1.0,249,0.36689725936192275,0.9718875502008032,2.8178739676180005,562.5499839999998,-49.76329865000002
0.0175,100,0.6,1.25,249,0.36689725936192275,0.9718875502008032,2.8178739676180005,562.5499839999998,-49.76329865000002
0.0175,100,0.6,1.5,249,0.36689725936192275,0.9718875502008032,2.8178739676180005,562.5499839999998,-49.76329865000002
0.0175,100,0.6,2.0,249,0.36689725936192275,0.9718875502008032,2.8178739676180005,562.5499839999998,-49.76329865000002
0.0175,100,0.7,1.0,249,0.36689725936192275,0.9718875502008032,2.8178739676180005,562.5499839999998,-49.76329865000002
0.0175,100,0.7,1.25,249,0.36689725936192275,0.9718875502008032,2.8178739676180005,562.5499839999998,-49.76329865000002
0.0175,100,0.7,1.5,249,0.36689725936192275,0.9718875502008032,2.8178739676180005,562.5499839999998,-49.76329865000002
0.0175,100,0.7,2.0,249,0.36689725936192275,0.9718875502008032,2.8178739676180005,562.5499839999998,-49.76329865000002
0.02,150,0.4,1.0,249,0.36685448382351055,0.9718875502008032,2.9675139837122497,496.7486191000001,-75.94830102500003
0.02,150,0.4,1.25,249,0.36685448382351055,0.9718875502008032,2.9675139837122497,496.7486191000001,-75.94830102500003
0.02,150,0.4,1.5,249,0.36685448382351055,0.9718875502008032,2.9675139837122497,496.7486191000001,-75.94830102500003
0.02,150,0.4,2.0,249,0.36685448382351055,0.9718875502008032,2.9675139837122497,496.7486191000001,-75.94830102500003
0.02,150,0.5,1.0,249,0.36685448382351055,0.9718875502008032,2.9675139837122497,496.7486191000001,-75.94830102500003
0.02,150,0.5,1.25,249,0.36685448382351055,0.9718875502008032,2.9675139837122497,496.7486191000001,-75.94830102500003
0.02,150,0.5,1.5,249,0.36685448382351055,0.9718875502008032,2.9675139837122497,496.7486191000001,-75.94830102500003
0.02,150,0.5,2.0,249,0.36685448382351055,0.9718875502008032,2.9675139837122497,496.7486191000001,-75.94830102500003
0.02,150,0.6,1.0,249,0.36685448382351055,0.9718875502008032,2.9675139837122497,496.7486191000001,-75.94830102500003
0.02,150,0.6,1.25,249,0.36685448382351055,0.9718875502008032,2.9675139837122497,496.7486191000001,-75.94830102500003
0.02,150,0.6,1.5,249,0.36685448382351055,0.9718875502008032,2.9675139837122497,496.7486191000001,-75.94830102500003
0.02,150,0.6,2.0,249,0.36685448382351055,0.9718875502008032,2.9675139837122497,496.7486191000001,-75.94830102500003
0.02,150,0.7,1.0,249,0.36685448382351055,0.9718875502008032,2.9675139837122497,496.7486191000001,-75.94830102500003
0.02,150,0.7,1.25,249,0.36685448382351055,0.9718875502008032,2.9675139837122497,496.7486191000001,-75.94830102500003
0.02,150,0.7,1.5,249,0.36685448382351055,0.9718875502008032,2.9675139837122497,496.7486191000001,-75.94830102500003
0.02,150,0.7,2.0,249,0.36685448382351055,0.9718875502008032,2.9675139837122497,496.7486191000001,-75.94830102500003
0.0225,200,0.4,1.0,248,0.35996429342475,0.9596774193548387,2.8183436582079997,410.4817911250001,-67.08755874999999
0.0225,200,0.4,1.25,248,0.35996429342475,0.9596774193548387,2.8183436582079997,410.4817911250001,-67.08755874999999
0.0225,200,0.4,1.5,248,0.35996429342475,0.9596774193548387,2.8183436582079997,410.4817911250001,-67.08755874999999
0.0225,200,0.4,2.0,248,0.35996429342475,0.9596774193548387,2.8183436582079997,410.4817911250001,-67.08755874999999
0.0225,250,0.4,1.0,245,0.3591587614733724,0.9510204081632653,3.1445440989462496,454.2483786999999,-184.869056
0.0225,250,0.4,1.25,245,0.3591587614733724,0.9510204081632653,3.1445440989462496,454.2483786999999,-184.869056
0.0225,250,0.4,1.5,245,0.3591587614733724,0.9510204081632653,3.1445440989462496,454.2483786999999,-184.869056
0.0225,250,0.4,2.0,245,0.3591587614733724,0.9510204081632653,3.1445440989462496,454.2483786999999,-184.869056
0.0225,250,0.5,1.0,245,0.3591587614733724,0.9510204081632653,3.1445440989462496,454.2483786999999,-184.869056
0.0225,250,0.5,1.25,245,0.3591587614733724,0.9510204081632653,3.1445440989462496,454.2483786999999,-184.869056
0.0225,250,0.5,1.5,245,0.3591587614733724,0.9510204081632653,3.1445440989462496,454.2483786999999,-184.869056
0.0225,250,0.5,2.0,245,0.3591587614733724,0.9510204081632653,3.1445440989462496,454.2483786999999,-184.869056
0.0225,250,0.6,1.0,245,0.3591587614733724,0.9510204081632653,3.1445440989462496,454.2483786999999,-184.869056
0.0225,250,0.6,1.25,245,0.3591587614733724,0.9510204081632653,3.1445440989462496,454.2483786999999,-184.869056
0.0225,250,0.6,1.5,245,0.3591587614733724,0.9510204081632653,3.1445440989462496,454.2483786999999,-184.869056
0.0225,250,0.6,2.0,245,0.3591587614733724,0.9510204081632653,3.1445440989462496,454.2483786999999,-184.869056
0.0225,250,0.7,1.0,245,0.3591587614733724,0.9510204081632653,3.1445440989462496,454.2483786999999,-184.869056
0.0225,250,0.7,1.25,245,0.3591587614733724,0.9510204081632653,3.1445440989462496,454.2483786999999,-184.869056
0.0225,250,0.7,1.5,245,0.3591587614733724,0.9510204081632653,3.1445440989462496,454.2483786999999,-184.869056
0.0225,250,0.7,2.0,245,0.3591587614733724,0.9510204081632653,3.1445440989462496,454.2483786999999,-184.869056
0.0225,200,0.5,1.0,248,0.35819636450799497,0.9556451612903226,2.81673236226775,410.4817911250001,-137.11584537500008
0.0225,200,0.5,1.25,248,0.35819636450799497,0.9556451612903226,2.81673236226775,410.4817911250001,-137.11584537500008
0.0225,200,0.5,1.5,248,0.35819636450799497,0.9556451612903226,2.81673236226775,410.4817911250001,-137.11584537500008
0.0225,200,0.5,2.0,248,0.35819636450799497,0.9556451612903226,2.81673236226775,410.4817911250001,-137.11584537500008
0.0225,200,0.6,1.0,248,0.35819636450799497,0.9556451612903226,2.81673236226775,410.4817911250001,-137.11584537500008
0.0225,200,0.6,1.25,248,0.35819636450799497,0.9556451612903226,2.81673236226775,410.4817911250001,-137.11584537500008
0.0225,200,0.6,1.5,248,0.35819636450799497,0.9556451612903226,2.81673236226775,410.4817911250001,-137.11584537500008
0.0225,200,0.6,2.0,248,0.35819636450799497,0.9556451612903226,2.81673236226775,410.4817911250001,-137.11584537500008
0.0225,200,0.7,1.0,248,0.35819636450799497,0.9556451612903226,2.81673236226775,410.4817911250001,-137.11584537500008
0.0225,200,0.7,1.25,248,0.35819636450799497,0.9556451612903226,2.81673236226775,410.4817911250001,-137.11584537500008
0.0225,200,0.7,1.5,248,0.35819636450799497,0.9556451612903226,2.81673236226775,410.4817911250001,-137.11584537500008
0.0225,200,0.7,2.0,248,0.35819636450799497,0.9556451612903226,2.81673236226775,410.4817911250001,-137.11584537500008
0.02,100,0.4,1.0,249,0.35017487937266817,0.9437751004016064,2.229060343031,383.34232614999996,-75.95193852500003
0.02,100,0.4,1.25,249,0.35017487937266817,0.9437751004016064,2.229060343031,383.34232614999996,-75.95193852500003
0.02,100,0.4,1.5,249,0.35017487937266817,0.9437751004016064,2.229060343031,383.34232614999996,-75.95193852500003
0.02,100,0.4,2.0,249,0.35017487937266817,0.9437751004016064,2.229060343031,383.34232614999996,-75.95193852500003
0.02,100,0.5,1.0,249,0.35017487937266817,0.9437751004016064,2.229060343031,383.34232614999996,-75.95193852500003
0.02,100,0.5,1.25,249,0.35017487937266817,0.9437751004016064,2.229060343031,383.34232614999996,-75.95193852500003
0.02,100,0.5,1.5,249,0.35017487937266817,0.9437751004016064,2.229060343031,383.34232614999996,-75.95193852500003
0.02,100,0.5,2.0,249,0.35017487937266817,0.9437751004016064,2.229060343031,383.34232614999996,-75.95193852500003
0.02,100,0.6,1.0,249,0.35017487937266817,0.9437751004016064,2.229060343031,383.34232614999996,-75.95193852500003
0.02,100,0.6,1.25,249,0.35017487937266817,0.9437751004016064,2.229060343031,383.34232614999996,-75.95193852500003
0.02,100,0.6,1.5,249,0.35017487937266817,0.9437751004016064,2.229060343031,383.34232614999996,-75.95193852500003
0.02,100,0.6,2.0,249,0.35017487937266817,0.9437751004016064,2.229060343031,383.34232614999996,-75.95193852500003
0.02,100,0.7,1.0,249,0.35017487937266817,0.9437751004016064,2.229060343031,383.34232614999996,-75.95193852500003
0.02,100,0.7,1.25,249,0.35017487937266817,0.9437751004016064,2.229060343031,383.34232614999996,-75.95193852500003
0.02,100,0.7,1.5,249,0.35017487937266817,0.9437751004016064,2.229060343031,383.34232614999996,-75.95193852500003
0.02,100,0.7,2.0,249,0.35017487937266817,0.9437751004016064,2.229060343031,383.34232614999996,-75.95193852500003
0.025,250,0.4,1.0,245,0.34696347668776933,0.9306122448979591,2.6158037478710003,316.75681255,-132.13089050000002
0.025,250,0.4,1.25,245,0.34696347668776933,0.9306122448979591,2.6158037478710003,316.75681255,-132.13089050000002
0.025,250,0.4,1.5,245,0.34696347668776933,0.9306122448979591,2.6158037478710003,316.75681255,-132.13089050000002
0.025,250,0.4,2.0,245,0.34696347668776933,0.9306122448979591,2.6158037478710003,316.75681255,-132.13089050000002
0.025,250,0.5,1.0,245,0.34696347668776933,0.9306122448979591,2.6158037478710003,316.75681255,-132.13089050000002
0.025,250,0.5,1.25,245,0.34696347668776933,0.9306122448979591,2.6158037478710003,316.75681255,-132.13089050000002
0.025,250,0.5,1.5,245,0.34696347668776933,0.9306122448979591,2.6158037478710003,316.75681255,-132.13089050000002
0.025,250,0.5,2.0,245,0.34696347668776933,0.9306122448979591,2.6158037478710003,316.75681255,-132.13089050000002
0.025,250,0.6,1.0,245,0.34696347668776933,0.9306122448979591,2.6158037478710003,316.75681255,-132.13089050000002
0.025,250,0.6,1.25,245,0.34696347668776933,0.9306122448979591,2.6158037478710003,316.75681255,-132.13089050000002
0.025,250,0.6,1.5,245,0.34696347668776933,0.9306122448979591,2.6158037478710003,316.75681255,-132.13089050000002
0.025,250,0.6,2.0,245,0.34696347668776933,0.9306122448979591,2.6158037478710003,316.75681255,-132.13089050000002
0.025,250,0.7,1.0,245,0.34696347668776933,0.9306122448979591,2.6158037478710003,316.75681255,-132.13089050000002
0.025,250,0.7,1.25,245,0.34696347668776933,0.9306122448979591,2.6158037478710003,316.75681255,-132.13089050000002
0.025,250,0.7,1.5,245,0.34696347668776933,0.9306122448979591,2.6158037478710003,316.75681255,-132.13089050000002
0.025,250,0.7,2.0,245,0.34696347668776933,0.9306122448979591,2.6158037478710003,316.75681255,-132.13089050000002
0.0225,150,0.4,1.0,249,0.34489202342135045,0.927710843373494,2.3817713953797504,341.68143345,-124.68361610000001
0.0225,150,0.4,1.25,249,0.34489202342135045,0.927710843373494,2.3817713953797504,341.68143345,-124.68361610000001
0.0225,150,0.4,1.5,249,0.34489202342135045,0.927710843373494,2.3817713953797504,341.68143345,-124.68361610000001
0.0225,150,0.4,2.0,249,0.34489202342135045,0.927710843373494,2.3817713953797504,341.68143345,-124.68361610000001
0.0225,150,0.5,1.0,249,0.34489202342135045,0.927710843373494,2.3817713953797504,341.68143345,-124.68361610000001
0.0225,150,0.5,1.25,249,0.34489202342135045,0.927710843373494,2.3817713953797504,341.68143345,-124.68361610000001
0.0225,150,0.5,1.5,249,0.34489202342135045,0.927710843373494,2.3817713953797504,341.68143345,-124.68361610000001
0.0225,150,0.5,2.0,249,0.34489202342135045,0.927710843373494,2.3817713953797504,341.68143345,-124.68361610000001
0.0225,150,0.6,1.0,249,0.34489202342135045,0.927710843373494,2.3817713953797504,341.68143345,-124.68361610000001
0.0225,150,0.6,1.25,249,0.34489202342135045,0.927710843373494,2.3817713953797504,341.68143345,-124.68361610000001
0.0225,150,0.6,1.5,249,0.34489202342135045,0.927710843373494,2.3817713953797504,341.68143345,-124.68361610000001
0.0225,150,0.6,2.0,249,0.34489202342135045,0.927710843373494,2.3817713953797504,341.68143345,-124.68361610000001
0.0225,150,0.7,1.0,249,0.34489202342135045,0.927710843373494,2.3817713953797504,341.68143345,-124.68361610000001
0.0225,150,0.7,1.25,249,0.34489202342135045,0.927710843373494,2.3817713953797504,341.68143345,-124.68361610000001
0.0225,150,0.7,1.5,249,0.34489202342135045,0.927710843373494,2.3817713953797504,341.68143345,-124.68361610000001
0.0225,150,0.7,2.0,249,0.34489202342135045,0.927710843373494,2.3817713953797504,341.68143345,-124.68361610000001
0.025,200,0.4,1.0,246,0.3431639833237033,0.926829268292683,2.290333612257,268.8596432625001,-77.05947925000001
0.025,200,0.4,1.25,246,0.3431639833237033,0.926829268292683,2.290333612257,268.8596432625001,-77.05947925000001
0.025,200,0.4,1.5,246,0.3431639833237033,0.926829268292683,2.290333612257,268.8596432625001,-77.05947925000001
0.025,200,0.4,2.0,246,0.3431639833237033,0.926829268292683,2.290333612257,268.8596432625001,-77.05947925000001
0.025,200,0.5,1.0,246,0.34143438728193903,0.9227642276422764,2.2887223163167505,268.8596432625001,-137.11584537500008
0.025,200,0.5,1.25,246,0.34143438728193903,0.9227642276422764,2.2887223163167505,268.8596432625001,-137.11584537500008
0.025,200,0.5,1.5,246,0.34143438728193903,0.9227642276422764,2.2887223163167505,268.8596432625001,-137.11584537500008
0.025,200,0.5,2.0,246,0.34143438728193903,0.9227642276422764,2.2887223163167505,268.8596432625001,-137.11584537500008
0.025,200,0.6,1.0,246,0.34143438728193903,0.9227642276422764,2.2887223163167505,268.8596432625001,-137.11584537500008
0.025,200,0.6,1.25,246,0.34143438728193903,0.9227642276422764,2.2887223163167505,268.8596432625001,-137.11584537500008
0.025,200,0.6,1.5,246,0.34143438728193903,0.9227642276422764,2.2887223163167505,268.8596432625001,-137.11584537500008
0.025,200,0.6,2.0,246,0.34143438728193903,0.9227642276422764,2.2887223163167505,268.8596432625001,-137.11584537500008
0.025,200,0.7,1.0,246,0.34143438728193903,0.9227642276422764,2.2887223163167505,268.8596432625001,-137.11584537500008
0.025,200,0.7,1.25,246,0.34143438728193903,0.9227642276422764,2.2887223163167505,268.8596432625001,-137.11584537500008
0.025,200,0.7,1.5,246,0.34143438728193903,0.9227642276422764,2.2887223163167505,268.8596432625001,-137.11584537500008
0.025,200,0.7,2.0,246,0.34143438728193903,0.9227642276422764,2.2887223163167505,268.8596432625001,-137.11584537500008
0.025,150,0.4,1.0,247,0.33381028246979355,0.9109311740890689,1.932700611469,217.18101815,-84.5628106
0.025,150,0.4,1.25,247,0.33381028246979355,0.9109311740890689,1.932700611469,217.18101815,-84.5628106
0.025,150,0.4,1.5,247,0.33381028246979355,0.9109311740890689,1.932700611469,217.18101815,-84.5628106
0.025,150,0.4,2.0,247,0.33381028246979355,0.9109311740890689,1.932700611469,217.18101815,-84.5628106
0.025,150,0.5,1.0,247,0.33381028246979355,0.9109311740890689,1.932700611469,217.18101815,-84.5628106
0.025,150,0.5,1.25,247,0.33381028246979355,0.9109311740890689,1.932700611469,217.18101815,-84.5628106
0.025,150,0.5,1.5,247,0.33381028246979355,0.9109311740890689,1.932700611469,217.18101815,-84.5628106
0.025,150,0.5,2.0,247,0.33381028246979355,0.9109311740890689,1.932700611469,217.18101815,-84.5628106
0.025,150,0.6,1.0,247,0.33381028246979355,0.9109311740890689,1.932700611469,217.18101815,-84.5628106
0.025,150,0.6,1.25,247,0.33381028246979355,0.9109311740890689,1.932700611469,217.18101815,-84.5628106
0.025,150,0.6,1.5,247,0.33381028246979355,0.9109311740890689,1.932700611469,217.18101815,-84.5628106
0.025,150,0.6,2.0,247,0.33381028246979355,0.9109311740890689,1.932700611469,217.18101815,-84.5628106
0.025,150,0.7,1.0,247,0.33381028246979355,0.9109311740890689,1.932700611469,217.18101815,-84.5628106
0.025,150,0.7,1.25,247,0.33381028246979355,0.9109311740890689,1.932700611469,217.18101815,-84.5628106
0.025,150,0.7,1.5,247,0.33381028246979355,0.9109311740890689,1.932700611469,217.18101815,-84.5628106
0.025,150,0.7,2.0,247,0.33381028246979355,0.9109311740890689,1.932700611469,217.18101815,-84.5628106
0.0275,250,0.4,1.0,239,0.32982883213479447,0.895397489539749,2.07880001413625,219.66678639999995,-83.44466352499998
0.0275,250,0.4,1.25,239,0.32982883213479447,0.895397489539749,2.07880001413625,219.66678639999995,-83.44466352499998
0.0275,250,0.4,1.5,239,0.32982883213479447,0.895397489539749,2.07880001413625,219.66678639999995,-83.44466352499998
0.0275,250,0.4,2.0,239,0.32982883213479447,0.895397489539749,2.07880001413625,219.66678639999995,-83.44466352499998
0.0275,250,0.5,1.0,239,0.32982883213479447,0.895397489539749,2.07880001413625,219.66678639999995,-83.44466352499998
0.0275,250,0.5,1.25,239,0.32982883213479447,0.895397489539749,2.07880001413625,219.66678639999995,-83.44466352499998
0.0275,250,0.5,1.5,239,0.32982883213479447,0.895397489539749,2.07880001413625,219.66678639999995,-83.44466352499998
0.0275,250,0.5,2.0,239,0.32982883213479447,0.895397489539749,2.07880001413625,219.66678639999995,-83.44466352499998
0.0275,250,0.6,1.0,239,0.32969601672693827,0.895397489539749,2.0784630124895003,219.66678639999995,-109.72573535000001
0.0275,250,0.6,1.25,239,0.32969601672693827,0.895397489539749,2.0784630124895003,219.66678639999995,-109.72573535000001
0.0275,250,0.6,1.5,239,0.32969601672693827,0.895397489539749,2.0784630124895003,219.66678639999995,-109.72573535000001
0.0275,250,0.6,2.0,239,0.32969601672693827,0.895397489539749,2.0784630124895003,219.66678639999995,-109.72573535000001
0.0275,250,0.7,1.0,239,0.32969601672693827,0.895397489539749,2.0784630124895003,219.66678639999995,-109.72573535000001
0.0275,250,0.7,1.25,239,0.32969601672693827,0.895397489539749,2.0784630124895003,219.66678639999995,-109.72573535000001
0.0275,250,0.7,1.5,239,0.32969601672693827,0.895397489539749,2.0784630124895003,219.66678639999995,-109.72573535000001
0.0275,250,0.7,2.0,239,0.32969601672693827,0.895397489539749,2.0784630124895003,219.66678639999995,-109.72573535000001
0.0225,100,0.7,1.0,249,0.32839729817681024,0.8955823293172691,1.7621128045347503,252.6160795750001,-79.68966649999999
0.0225,100,0.7,1.25,249,0.32839729817681024,0.8955823293172691,1.7621128045347503,252.6160795750001,-79.68966649999999
0.0225,100,0.7,1.5,249,0.32839729817681024,0.8955823293172691,1.7621128045347503,252.6160795750001,-79.68966649999999
0.0225,100,0.7,2.0,249,0.32839729817681024,0.8955823293172691,1.7621128045347503,252.6160795750001,-79.68966649999999
0.0225,100,0.4,1.0,249,0.3283962326735181,0.8955823293172691,1.7618474942150002,252.6160795750001,-79.68966649999999
0.0225,100,0.4,1.25,249,0.3283962326735181,0.8955823293172691,1.7618474942150002,252.6160795750001,-79.68966649999999
0.0225,100,0.4,1.5,249,0.3283962326735181,0.8955823293172691,1.7618474942150002,252.6160795750001,-79.68966649999999
0.0225,100,0.4,2.0,249,0.3283962326735181,0.8955823293172691,1.7618474942150002,252.6160795750001,-79.68966649999999
0.0225,100,0.5,1.0,249,0.3283962326735181,0.8955823293172691,1.7618474942150002,252.6160795750001,-79.68966649999999
0.0225,100,0.5,1.25,249,0.3283962326735181,0.8955823293172691,1.7618474942150002,252.6160795750001,-79.68966649999999
0.0225,100,0.5,1.5,249,0.3283962326735181,0.8955823293172691,1.7618474942150002,252.6160795750001,-79.68966649999999
0.0225,100,0.5,2.0,249,0.3283962326735181,0.8955823293172691,1.7618474942150002,252.6160795750001,-79.68966649999999
0.0225,100,0.6,1.0,249,0.3283962326735181,0.8955823293172691,1.7618474942150002,252.6160795750001,-79.68966649999999
0.0225,100,0.6,1.25,249,0.3283962326735181,0.8955823293172691,1.7618474942150002,252.6160795750001,-79.68966649999999
0.0225,100,0.6,1.5,249,0.3283962326735181,0.8955823293172691,1.7618474942150002,252.6160795750001,-79.68966649999999
0.0225,100,0.6,2.0,249,0.3283962326735181,0.8955823293172691,1.7618474942150002,252.6160795750001,-79.68966649999999
0.0275,200,0.4,1.0,243,0.32197706324527264,0.8806584362139918,1.8169870916025,181.8858893499999,-132.12028415
0.0275,200,0.4,1.25,243,0.32197706324527264,0.8806584362139918,1.8169870916025,181.8858893499999,-132.12028415
0.0275,200,0.4,1.5,243,0.32197706324527264,0.8806584362139918,1.8169870916025,181.8858893499999,-132.12028415
0.0275,200,0.4,2.0,243,0.32197706324527264,0.8806584362139918,1.8169870916025,181.8858893499999,-132.12028415
0.0275,200,0.5,1.0,243,0.3219746000815381,0.8806584362139918,1.8163885428150002,181.8858893499999,-132.12028415
0.0275,200,0.5,1.25,243,0.3219746000815381,0.8806584362139918,1.8163885428150002,181.8858893499999,-132.12028415
0.0275,200,0.5,1.5,243,0.3219746000815381,0.8806584362139918,1.8163885428150002,181.8858893499999,-132.12028415
0.0275,200,0.5,2.0,243,0.3219746000815381,0.8806584362139918,1.8163885428150002,181.8858893499999,-132.12028415
0.0275,200,0.6,1.0,243,0.3219746000815381,0.8806584362139918,1.8163885428150002,181.8858893499999,-132.12028415
0.0275,200,0.6,1.25,243,0.3219746000815381,0.8806584362139918,1.8163885428150002,181.8858893499999,-132.12028415
0.0275,200,0.6,1.5,243,0.3219746000815381,0.8806584362139918,1.8163885428150002,181.8858893499999,-132.12028415
0.0275,200,0.6,2.0,243,0.3219746000815381,0.8806584362139918,1.8163885428150002,181.8858893499999,-132.12028415
0.0275,200,0.7,1.0,243,0.3219746000815381,0.8806584362139918,1.8163885428150002,181.8858893499999,-132.12028415
0.0275,200,0.7,1.25,243,0.3219746000815381,0.8806584362139918,1.8163885428150002,181.8858893499999,-132.12028415
0.0275,200,0.7,1.5,243,0.3219746000815381,0.8806584362139918,1.8163885428150002,181.8858893499999,-132.12028415
0.0275,200,0.7,2.0,243,0.3219746000815381,0.8806584362139918,1.8163885428150002,181.8858893499999,-132.12028415
0.03,250,0.4,1.0,234,0.3099880687773878,0.8461538461538461,1.7928486801197498,176.4821801875,-155.19417905000003
0.03,250,0.4,1.25,234,0.3099880687773878,0.8461538461538461,1.7928486801197498,176.4821801875,-155.19417905000003
0.03,250,0.4,1.5,234,0.3099880687773878,0.8461538461538461,1.7928486801197498,176.4821801875,-155.19417905000003
0.03,250,0.4,2.0,234,0.3099880687773878,0.8461538461538461,1.7928486801197498,176.4821801875,-155.19417905000003
0.03,250,0.5,1.0,234,0.3099880687773878,0.8461538461538461,1.7928486801197498,176.4821801875,-155.19417905000003
0.03,250,0.5,1.25,234,0.3099880687773878,0.8461538461538461,1.7928486801197498,176.4821801875,-155.19417905000003
0.03,250,0.5,1.5,234,0.3099880687773878,0.8461538461538461,1.7928486801197498,176.4821801875,-155.19417905000003
0.03,250,0.5,2.0,234,0.3099880687773878,0.8461538461538461,1.7928486801197498,176.4821801875,-155.19417905000003
0.03,250,0.6,1.0,234,0.3099866283015961,0.8461538461538461,1.7925116087844999,176.4821801875,-155.19417905000003
0.03,250,0.6,1.25,234,0.3099866283015961,0.8461538461538461,1.7925116087844999,176.4821801875,-155.19417905000003
0.03,250,0.6,1.5,234,0.3099866283015961,0.8461538461538461,1.7925116087844999,176.4821801875,-155.19417905000003
0.03,250,0.6,2.0,234,0.3099866283015961,0.8461538461538461,1.7925116087844999,176.4821801875,-155.19417905000003
0.03,250,0.7,1.0,234,0.30998342638392945,0.8461538461538461,1.7917623600505,176.4821801875,-155.19417905000003
0.03,250,0.7,1.25,234,0.30998342638392945,0.8461538461538461,1.7917623600505,176.4821801875,-155.19417905000003
0.03,250,0.7,1.5,234,0.30998342638392945,0.8461538461538461,1.7917623600505,176.4821801875,-155.19417905000003
0.03,250,0.7,2.0,234,0.30998342638392945,0.8461538461538461,1.7917623600505,176.4821801875,-155.19417905000003
0.03,200,0.4,1.0,241,0.30977458103222144,0.8506224066390041,1.5799616200862503,129.89005945000002,-83.28437997500001
0.03,200,0.4,1.25,241,0.30977458103222144,0.8506224066390041,1.5799616200862503,129.89005945000002,-83.28437997500001
0.03,200,0.4,1.5,241,0.30977458103222144,0.8506224066390041,1.5799616200862503,129.89005945000002,-83.28437997500001
0.03,200,0.4,2.0,241,0.30977458103222144,0.8506224066390041,1.5799616200862503,129.89005945000002,-83.28437997500001
0.03,200,0.5,1.0,241,0.30977458103222144,0.8506224066390041,1.5799616200862503,129.89005945000002,-83.28437997500001
0.03,200,0.5,1.25,241,0.30977458103222144,0.8506224066390041,1.5799616200862503,129.89005945000002,-83.28437997500001
0.03,200,0.5,1.5,241,0.30977458103222144,0.8506224066390041,1.5799616200862503,129.89005945000002,-83.28437997500001
0.03,200,0.5,2.0,241,0.30977458103222144,0.8506224066390041,1.5799616200862503,129.89005945000002,-83.28437997500001
0.03,200,0.6,1.0,241,0.30977458103222144,0.8506224066390041,1.5799616200862503,129.89005945000002,-83.28437997500001
0.03,200,0.6,1.25,241,0.30977458103222144,0.8506224066390041,1.5799616200862503,129.89005945000002,-83.28437997500001
0.03,200,0.6,1.5,241,0.30977458103222144,0.8506224066390041,1.5799616200862503,129.89005945000002,-83.28437997500001
0.03,200,0.6,2.0,241,0.30977458103222144,0.8506224066390041,1.5799616200862503,129.89005945000002,-83.28437997500001
0.03,200,0.7,1.0,241,0.30977458103222144,0.8506224066390041,1.5799616200862503,129.89005945000002,-83.28437997500001
0.03,200,0.7,1.25,241,0.30977458103222144,0.8506224066390041,1.5799616200862503,129.89005945000002,-83.28437997500001
0.03,200,0.7,1.5,241,0.30977458103222144,0.8506224066390041,1.5799616200862503,129.89005945000002,-83.28437997500001
0.03,200,0.7,2.0,241,0.30977458103222144,0.8506224066390041,1.5799616200862503,129.89005945000002,-83.28437997500001
0.025,100,0.7,1.0,248,0.3055648044739758,0.842741935483871,1.4058048597619999,147.62619191250002,-87.06392105000002
0.025,100,0.7,1.25,248,0.3055648044739758,0.842741935483871,1.4058048597619999,147.62619191250002,-87.06392105000002
0.025,100,0.7,1.5,248,0.3055648044739758,0.842741935483871,1.4058048597619999,147.62619191250002,-87.06392105000002
0.025,100,0.7,2.0,248,0.3055648044739758,0.842741935483871,1.4058048597619999,147.62619191250002,-87.06392105000002
0.025,100,0.4,1.0,248,0.3055637346742994,0.842741935483871,1.40553954944225,147.62619191250002,-87.06392105000002
0.025,100,0.4,1.25,248,0.3055637346742994,0.842741935483871,1.40553954944225,147.62619191250002,-87.06392105000002
0.025,100,0.4,1.5,248,0.3055637346742994,0.842741935483871,1.40553954944225,147.62619191250002,-87.06392105000002
0.025,100,0.4,2.0,248,0.3055637346742994,0.842741935483871,1.40553954944225,147.62619191250002,-87.06392105000002
0.025,100,0.5,1.0,248,0.3055637346742994,0.842741935483871,1.40553954944225,147.62619191250002,-87.06392105000002
0.025,100,0.5,1.25,248,0.3055637346742994,0.842741935483871,1.40553954944225,147.62619191250002,-87.06392105000002
0.025,100,0.5,1.5,248,0.3055637346742994,0.842741935483871,1.40553954944225,147.62619191250002,-87.06392105000002
0.025,100,0.5,2.0,248,0.3055637346742994,0.842741935483871,1.40553954944225,147.62619191250002,-87.06392105000002
0.025,100,0.6,1.0,248,0.3055637346742994,0.842741935483871,1.40553954944225,147.62619191250002,-87.06392105000002
0.025,100,0.6,1.25,248,0.3055637346742994,0.842741935483871,1.40553954944225,147.62619191250002,-87.06392105000002
0.025,100,0.6,1.5,248,0.3055637346742994,0.842741935483871,1.40553954944225,147.62619191250002,-87.06392105000002
0.025,100,0.6,2.0,248,0.3055637346742994,0.842741935483871,1.40553954944225,147.62619191250002,-87.06392105000002
0.0275,150,0.4,1.0,248,0.30271277883507663,0.8346774193548387,1.504394656304,142.96827786250003,-234.47432532500005
0.0275,150,0.4,1.25,248,0.30271277883507663,0.8346774193548387,1.504394656304,142.96827786250003,-234.47432532500005
0.0275,150,0.4,1.5,248,0.30271277883507663,0.8346774193548387,1.504394656304,142.96827786250003,-234.47432532500005
0.0275,150,0.4,2.0,248,0.30271277883507663,0.8346774193548387,1.504394656304,142.96827786250003,-234.47432532500005
0.0275,150,0.5,1.0,248,0.30271277883507663,0.8346774193548387,1.504394656304,142.96827786250003,-234.47432532500005
0.0275,150,0.5,1.25,248,0.30271277883507663,0.8346774193548387,1.504394656304,142.96827786250003,-234.47432532500005
0.0275,150,0.5,1.5,248,0.30271277883507663,0.8346774193548387,1.504394656304,142.96827786250003,-234.47432532500005
0.0275,150,0.5,2.0,248,0.30271277883507663,0.8346774193548387,1.504394656304,142.96827786250003,-234.47432532500005
0.0275,150,0.6,1.0,248,0.30271277883507663,0.8346774193548387,1.504394656304,142.96827786250003,-234.47432532500005
0.0275,150,0.6,1.25,248,0.30271277883507663,0.8346774193548387,1.504394656304,142.96827786250003,-234.47432532500005
0.0275,150,0.6,1.5,248,0.30271277883507663,0.8346774193548387,1.504394656304,142.96827786250003,-234.47432532500005
0.0275,150,0.6,2.0,248,0.30271277883507663,0.8346774193548387,1.504394656304,142.96827786250003,-234.47432532500005
0.0275,150,0.7,1.0,248,0.30271277883507663,0.8346774193548387,1.504394656304,142.96827786250003,-234.47432532500005
0.0275,150,0.7,1.25,248,0.30271277883507663,0.8346774193548387,1.504394656304,142.96827786250003,-234.47432532500005
0.0275,150,0.7,1.5,248,0.30271277883507663,0.8346774193548387,1.504394656304,142.96827786250003,-234.47432532500005
0.0275,150,0.7,2.0,248,0.30271277883507663,0.8346774193548387,1.504394656304,142.96827786250003,-234.47432532500005
0.0275,100,0.4,1.0,247,0.2808983573340304,0.7813765182186235,1.1023168578597502,88.47508502499998,-87.03604565
0.0275,100,0.4,1.25,247,0.2808983573340304,0.7813765182186235,1.1023168578597502,88.47508502499998,-87.03604565
0.0275,100,0.4,1.5,247,0.2808983573340304,0.7813765182186235,1.1023168578597502,88.47508502499998,-87.03604565
0.0275,100,0.4,2.0,247,0.2808983573340304,0.7813765182186235,1.1023168578597502,88.47508502499998,-87.03604565
0.0275,100,0.5,1.0,247,0.2808983573340304,0.7813765182186235,1.1023168578597502,88.47508502499998,-87.03604565
0.0275,100,0.5,1.25,247,0.2808983573340304,0.7813765182186235,1.1023168578597502,88.47508502499998,-87.03604565
0.0275,100,0.5,1.5,247,0.2808983573340304,0.7813765182186235,1.1023168578597502,88.47508502499998,-87.03604565
0.0275,100,0.5,2.0,247,0.2808983573340304,0.7813765182186235,1.1023168578597502,88.47508502499998,-87.03604565
0.0275,100,0.6,1.0,247,0.2808983573340304,0.7813765182186235,1.1023168578597502,88.47508502499998,-87.03604565
0.0275,100,0.6,1.25,247,0.2808983573340304,0.7813765182186235,1.1023168578597502,88.47508502499998,-87.03604565
0.0275,100,0.6,1.5,247,0.2808983573340304,0.7813765182186235,1.1023168578597502,88.47508502499998,-87.03604565
0.0275,100,0.6,2.0,247,0.2808983573340304,0.7813765182186235,1.1023168578597502,88.47508502499998,-87.03604565
0.0275,100,0.7,1.0,247,0.2808983573340304,0.7813765182186235,1.1023168578597502,88.47508502499998,-87.03604565
0.0275,100,0.7,1.25,247,0.2808983573340304,0.7813765182186235,1.1023168578597502,88.47508502499998,-87.03604565
0.0275,100,0.7,1.5,247,0.2808983573340304,0.7813765182186235,1.1023168578597502,88.47508502499998,-87.03604565
0.0275,100,0.7,2.0,247,0.2808983573340304,0.7813765182186235,1.1023168578597502,88.47508502499998,-87.03604565
0.03,150,0.7,1.0,245,0.27780848648128165,0.7673469387755102,1.2641910497727502,99.75673285000003,-155.03661455000002
0.03,150,0.7,1.25,245,0.27780848648128165,0.7673469387755102,1.2641910497727502,99.75673285000003,-155.03661455000002
0.03,150,0.7,1.5,245,0.27780848648128165,0.7673469387755102,1.2641910497727502,99.75673285000003,-155.03661455000002
0.03,150,0.7,2.0,245,0.27780848648128165,0.7673469387755102,1.2641910497727502,99.75673285000003,-155.03661455000002
0.03,150,0.4,1.0,245,0.277808325239201,0.7673469387755102,1.2641515454630001,99.75673285000003,-155.03661455000002
0.03,150,0.4,1.25,245,0.277808325239201,0.7673469387755102,1.2641515454630001,99.75673285000003,-155.03661455000002
0.03,150,0.4,1.5,245,0.277808325239201,0.7673469387755102,1.2641515454630001,99.75673285000003,-155.03661455000002
0.03,150,0.4,2.0,245,0.277808325239201,0.7673469387755102,1.2641515454630001,99.75673285000003,-155.03661455000002
0.03,150,0.5,1.0,245,0.277808325239201,0.7673469387755102,1.2641515454630001,99.75673285000003,-155.03661455000002
0.03,150,0.5,1.25,245,0.277808325239201,0.7673469387755102,1.2641515454630001,99.75673285000003,-155.03661455000002
0.03,150,0.5,1.5,245,0.277808325239201,0.7673469387755102,1.2641515454630001,99.75673285000003,-155.03661455000002
0.03,150,0.5,2.0,245,0.277808325239201,0.7673469387755102,1.2641515454630001,99.75673285000003,-155.03661455000002
0.03,150,0.6,1.0,245,0.277808325239201,0.7673469387755102,1.2641515454630001,99.75673285000003,-155.03661455000002
0.03,150,0.6,1.25,245,0.277808325239201,0.7673469387755102,1.2641515454630001,99.75673285000003,-155.03661455000002
0.03,150,0.6,1.5,245,0.277808325239201,0.7673469387755102,1.2641515454630001,99.75673285000003,-155.03661455000002
0.03,150,0.6,2.0,245,0.277808325239201,0.7673469387755102,1.2641515454630001,99.75673285000003,-155.03661455000002
0.03,100,0.4,1.0,247,0.24289804440407087,0.680161943319838,0.91986483896125,50.940546925000035,-223.23414815
0.03,100,0.4,1.25,247,0.24289804440407087,0.680161943319838,0.91986483896125,50.940546925000035,-223.23414815
0.03,100,0.5,1.0,247,0.24289804440407087,0.680161943319838,0.91986483896125,50.940546925000035,-223.23414815
0.03,100,0.5,1.25,247,0.24289804440407087,0.680161943319838,0.91986483896125,50.940546925000035,-223.23414815
0.03,100,0.6,1.0,247,0.24289804440407087,0.680161943319838,0.91986483896125,50.940546925000035,-223.23414815
0.03,100,0.6,1.25,247,0.24289804440407087,0.680161943319838,0.91986483896125,50.940546925000035,-223.23414815
0.03,100,0.7,1.0,247,0.24289804440407087,0.680161943319838,0.91986483896125,50.940546925000035,-223.23414815
0.03,100,0.7,1.25,247,0.24289804440407087,0.680161943319838,0.91986483896125,50.940546925000035,-223.23414815
0.03,100,0.4,1.5,247,0.24255820861987853,0.680161943319838,0.9191906266022499,50.940546925000035,-290.65538405
0.03,100,0.4,2.0,247,0.24255820861987853,0.680161943319838,0.9191906266022499,50.940546925000035,-290.65538405
0.03,100,0.5,1.5,247,0.24255820861987853,0.680161943319838,0.9191906266022499,50.940546925000035,-290.65538405
0.03,100,0.5,2.0,247,0.24255820861987853,0.680161943319838,0.9191906266022499,50.940546925000035,-290.65538405
0.03,100,0.6,1.5,247,0.24255820861987853,0.680161943319838,0.9191906266022499,50.940546925000035,-290.65538405
0.03,100,0.6,2.0,247,0.24255820861987853,0.680161943319838,0.9191906266022499,50.940546925000035,-290.65538405
0.03,100,0.7,1.5,247,0.24255820861987853,0.680161943319838,0.9191906266022499,50.940546925000035,-290.65538405
0.03,100,0.7,2.0,247,0.24255820861987853,0.680161943319838,0.9191906266022499,50.940546925000035,-290.65538405
