trade_id,entry_date,exit_date,expiry,dte_at_entry,nifty_reference_entry,put_long_strike,put_short_strike,call_short_strike,call_long_strike,wing_width_points,put_long_entry_premium,put_short_entry_premium,call_short_entry_premium,call_long_entry_premium,put_long_exit_premium,put_short_exit_premium,call_short_exit_premium,call_long_exit_premium,entry_credit_points,entry_credit_value_per_lot,lower_breakeven,upper_breakeven,take_profit_credit_pct,stop_loss_credit_multiple,take_profit_debit,stop_loss_debit,lot_size,gross_pnl,modeled_costs,net_pnl,return_on_capital,return_on_max_loss,max_expiry_loss_points,max_expiry_loss,exit_reason
OOS-20230314-20230316-16900-17350,2023-03-14,2023-03-15,2023-03-16,2,17125.75,16650.0,16900.0,17350.0,17600.0,250.0,6.5,35.2,16.0,4.25,3.75,33.3,3.65,2.2,40.45,2022.5000000000002,16859.55,17390.45,0.4,1.0,24.27,80.9,50,3572.5,99.50038864999999,3472.99961135,0.0347299961135,0.33147216524457174,209.55,10477.5,take_profit
OOS-20230321-20230323-16900-17400,2023-03-21,2023-03-22,2023-03-23,2,17160.15,16650.0,16900.0,17400.0,17650.0,250.0,5.9,23.8,7.45,1.6,2.6,11.55,5.0,0.85,23.75,1187.5,16876.25,17423.75,0.4,1.0,14.25,47.5,50,1842.4999999999998,97.38772875000001,1745.1122712499998,0.0174511227125,0.15426406817679555,226.25,11312.5,take_profit
OOS-20230328-20230329-16750-17200,2023-03-28,2023-03-29,2023-03-29,1,16970.6,16500.0,16750.0,17200.0,17450.0,250.0,0.95,5.65,3.4,0.95,0.1,0.15,0.15,0.1,7.150000000000001,357.50000000000006,16742.85,17207.15,0.4,1.0,4.290000000000001,14.300000000000002,50,362.5000000000001,95.10291805,267.39708195000014,0.0026739708195000016,0.02202158385423102,242.85,12142.5,take_profit
OOS-20230411-20230413-17550-18050,2023-04-11,2023-04-12,2023-04-13,2,17788.2,17300.0,17550.0,18050.0,18300.0,250.0,2.25,8.5,1.15,0.6,1.5,3.45,1.4,0.45,6.800000000000001,340.00000000000006,17543.2,18056.8,0.4,1.0,4.08,13.600000000000001,50,485.00000000000006,95.39123369999999,389.60876630000007,0.0038960876630000007,0.03204019459703948,243.2,12160.0,take_profit
OOS-20230418-20230420-17450-17950,2023-04-18,2023-04-19,2023-04-20,2,17712.35,17200.0,17450.0,17950.0,18200.0,250.0,1.4,5.5,3.1,1.45,0.95,4.3,1.55,1.05,5.749999999999999,287.49999999999994,17444.25,17955.75,0.4,1.0,3.4499999999999993,11.499999999999998,50,480.0,95.3427337,384.6572663,0.003846572663,0.03149701259365404,244.25,12212.5,take_profit
OOS-20230425-20230427-17550-18050,2023-04-25,2023-04-26,2023-04-27,2,17782.3,17300.0,17550.0,18050.0,18300.0,250.0,2.35,5.6,1.65,0.65,1.55,2.7,1.05,0.45,4.25,212.5,17545.75,18054.25,0.4,1.0,2.55,8.5,50,300.0,95.203969,204.796031,0.00204796031,0.016667021851475075,245.75,12287.5,take_profit
OOS-20230502-20230504-17950-18450,2023-05-02,2023-05-03,2023-05-04,2,18213.15,17700.0,17950.0,18450.0,18700.0,250.0,2.8,8.25,2.2,0.85,1.65,9.6,1.0,0.55,6.8,340.0,17943.2,18456.8,0.4,1.0,4.08,13.6,50,759.9999999999999,95.61094709999999,664.3890528999999,0.006643890528999999,0.05463725763980262,243.2,12160.0,take_profit
OOS-20230509-20230511-18050-18550,2023-05-09,2023-05-10,2023-05-11,2,18306.4,17800.0,18050.0,18550.0,18800.0,250.0,2.7,7.9,2.95,1.2,1.65,3.8,1.6,0.6,6.950000000000002,347.5000000000001,18043.05,18556.95,0.4,1.0,4.170000000000001,13.900000000000004,50,505.00000000000006,95.5328316,409.46716840000005,0.004094671684,0.0336940685784818,243.05,12152.5,take_profit
OOS-20230516-20230518-18050-18600,2023-05-16,2023-05-17,2023-05-18,2,18328.4,17800.0,18050.0,18600.0,18850.0,250.0,1.85,7.05,3.4,1.65,1.0,6.35,1.55,1.1,6.949999999999999,347.49999999999994,18043.05,18606.95,0.4,1.0,4.169999999999999,13.899999999999999,50,637.5,95.54058054999999,541.95941945,0.0054195941945,0.044596537292738124,243.05,12152.5,take_profit
OOS-20230523-20230525-18100-18600,2023-05-23,2023-05-24,2023-05-25,2,18365.8,17850.0,18100.0,18600.0,18850.0,250.0,2.75,6.85,2.45,0.85,1.1,4.3,1.3,0.85,5.700000000000001,285.00000000000006,18094.3,18605.7,0.4,1.0,3.4200000000000004,11.400000000000002,50,467.50000000000006,95.39979905000001,372.10020095000004,0.0037210020095000003,0.030462562501023336,244.3,12215.0,take_profit
OOS-20230530-20230601-18450-18950,2023-05-30,2023-05-31,2023-06-01,2,18713.0,18200.0,18450.0,18950.0,19200.0,250.0,3.6,11.5,1.5,0.8,2.2,15.65,1.05,0.8,8.6,430.0,18441.4,18958.6,0.4,1.0,5.159999999999999,17.2,50,1115.0,95.9999539,1019.0000461,0.010190000461,0.08442419603148302,241.4,12070.0,take_profit
OOS-20230606-20230608-18400-18950,2023-06-06,2023-06-07,2023-06-08,2,18672.95,18150.0,18400.0,18950.0,19200.0,250.0,1.6,6.35,1.3,1.05,2.1,3.35,1.0,0.55,4.999999999999999,249.99999999999994,18395.0,18955.0,0.4,1.0,2.9999999999999996,9.999999999999998,50,335.0,95.2837657,239.7162343,0.002397162343,0.019568672187755102,245.0,12250.0,take_profit
OOS-20230613-20230615-18500-19050,2023-06-13,2023-06-14,2023-06-15,2,18776.85,18250.0,18500.0,19050.0,19300.0,250.0,2.6,7.05,1.55,1.0,1.8,3.45,0.8,0.45,5.0,250.0,18495.0,19055.0,0.4,1.0,3.0,10.0,50,350.0,95.34153330000001,254.6584667,0.002546584667,0.02078844626122449,245.0,12250.0,take_profit
OOS-20230620-20230622-18600-19150,2023-06-20,2023-06-21,2023-06-22,2,18864.7,18350.0,18600.0,19150.0,19400.0,250.0,2.4,6.9,1.6,0.9,1.65,2.85,1.05,0.55,5.199999999999999,259.99999999999994,18594.8,19155.2,0.4,1.0,3.1199999999999997,10.399999999999999,50,345.0,95.3164911,249.6835089,0.002496835089,0.02039897948529412,244.8,12240.0,take_profit
OOS-20230704-20230706-19200-19750,2023-07-04,2023-07-05,2023-07-06,2,19458.4,18950.0,19200.0,19750.0,20000.0,250.0,5.45,14.45,1.8,1.0,2.7,6.55,1.1,0.7,9.8,490.00000000000006,19190.2,19759.8,0.4,1.0,5.88,19.6,50,702.5000000000002,96.10257875000002,606.3974212500002,0.006063974212500002,0.05049104256869277,240.2,12010.0,take_profit
OOS-20230711-20230713-19250-19750,2023-07-11,2023-07-12,2023-07-13,2,19500.85,19000.0,19250.0,19750.0,20000.0,250.0,2.4,6.85,2.55,1.2,1.45,6.85,1.9,1.3,5.799999999999998,289.9999999999999,19244.2,19755.8,0.4,1.0,3.4799999999999986,11.599999999999996,50,590.0,95.5333955,494.4666045,0.004944666045000001,0.04049685540540541,244.2,12210.0,take_profit
OOS-20230718-20230720-19500-20050,2023-07-18,2023-07-19,2023-07-20,2,19770.55,19250.0,19500.0,20050.0,20300.0,250.0,3.65,11.95,4.3,1.55,2.4,4.1,2.75,1.0,11.049999999999999,552.5,19488.95,20061.05,0.4,1.0,6.629999999999999,22.099999999999998,50,724.9999999999999,96.0570503,628.9429496999999,0.0062894294969999985,0.05264222219711236,238.95,11947.5,take_profit
OOS-20230725-20230727-19400-19950,2023-07-25,2023-07-26,2023-07-27,2,19691.15,19150.0,19400.0,19950.0,20200.0,250.0,1.4,4.35,7.05,2.1,0.8,1.65,8.55,1.35,7.899999999999999,394.99999999999994,19392.1,19957.9,0.4,1.0,4.739999999999999,15.799999999999997,50,797.5,95.66237025000001,701.83762975,0.0070183762975,0.05797915156959934,242.1,12105.0,take_profit
OOS-20230801-20230803-19550-20100,2023-08-01,2023-08-02,2023-08-03,2,19812.55,19300.0,19550.0,20100.0,20350.0,250.0,2.25,12.35,1.95,1.3,5.5,73.6,1.45,1.2,10.749999999999998,537.4999999999999,19539.25,20110.75,0.4,1.0,6.449999999999998,21.499999999999996,50,3954.9999999999995,97.6305164,3857.3694835999995,0.038573694836,0.322455129245559,239.25,11962.5,take_profit
OOS-20230808-20230810-19350-19900,2023-08-08,2023-08-09,2023-08-10,2,19611.25,19100.0,19350.0,19900.0,20150.0,250.0,2.35,9.85,2.35,1.25,1.75,3.7,1.3,0.45,8.6,430.0,19341.4,19908.6,0.4,1.0,5.159999999999999,17.2,50,570.0000000000001,95.609207,474.39079300000014,0.004743907930000002,0.039303296851698435,241.4,12070.0,take_profit
OOS-20230822-20230824-19100-19650,2023-08-22,2023-08-23,2023-08-24,2,19386.3,18850.0,19100.0,19650.0,19900.0,250.0,1.25,3.85,3.0,1.5,1.3,2.15,2.0,0.8,4.1,204.99999999999997,19095.9,19654.1,0.4,1.0,2.4599999999999995,8.2,50,307.5,95.18608765000002,212.31391234999998,0.0021231391234999997,0.01726831332655551,245.9,12295.0,take_profit
OOS-20230829-20230831-19050-19600,2023-08-29,2023-08-30,2023-08-31,2,19337.1,18800.0,19050.0,19600.0,19850.0,250.0,1.55,3.5,3.2,1.25,0.65,1.5,2.0,0.9,3.9000000000000004,195.00000000000003,19046.1,19603.9,0.4,1.0,2.3400000000000003,7.800000000000001,50,292.5,95.12326594999999,197.37673405,0.0019737673405,0.01604036847216579,246.1,12305.0,take_profit
OOS-20230905-20230907-19400-19900,2023-09-05,2023-09-06,2023-09-07,2,19653.55,19150.0,19400.0,19900.0,20150.0,250.0,3.2,8.5,1.45,0.85,1.35,2.85,0.6,0.55,5.8999999999999995,295.0,19394.1,19905.9,0.4,1.0,3.5399999999999996,11.799999999999999,50,372.5,95.40446915,277.09553085,0.0027709553084999997,0.02270344374027038,244.1,12205.0,take_profit
OOS-20230912-20230914-19750-20300,2023-09-12,2023-09-13,2023-09-14,2,20046.3,19500.0,19750.0,20300.0,20550.0,250.0,4.65,10.9,5.8,2.6,1.65,3.05,2.85,0.85,9.45,472.49999999999994,19740.55,20309.45,0.4,1.0,5.669999999999999,18.9,50,642.5,96.04966114999998,546.45033885,0.005464503388499999,0.04543341000623571,240.55,12027.5,take_profit
OOS-20230926-20230928-19400-19950,2023-09-26,2023-09-27,2023-09-28,2,19677.05,19150.0,19400.0,19950.0,20200.0,250.0,1.55,5.0,3.75,1.35,1.5,2.9,1.7,0.65,5.85,292.5,19394.15,19955.85,0.4,1.0,3.51,11.7,50,414.99999999999994,95.3372956,319.66270439999994,0.0031966270439999995,0.026185763211140686,244.15,12207.5,take_profit
OOS-20231003-20231005-19300-19850,2023-10-03,2023-10-04,2023-10-05,2,19571.5,19050.0,19300.0,19850.0,20100.0,250.0,2.05,8.9,3.7,1.6,1.1,10.55,0.8,0.55,8.950000000000001,447.50000000000006,19291.05,19858.95,0.4,1.0,5.37,17.900000000000002,50,932.4999999999999,95.74073825,836.7592617499998,0.0083675926175,0.06942619885915784,241.05,12052.5,take_profit
OOS-20231010-20231012-19450-20000,2023-10-10,2023-10-11,2023-10-12,2,19738.1,19200.0,19450.0,20000.0,20250.0,250.0,5.75,16.1,3.2,0.85,1.3,2.55,3.65,0.7,12.700000000000001,635.0,19437.3,20012.7,0.4,1.0,7.62,25.400000000000002,50,844.9999999999999,96.19037689999999,748.8096231,0.007488096230999999,0.06311079840707964,237.3,11865.0,take_profit
OOS-20231017-20231019-19550-20100,2023-10-17,2023-10-18,2023-10-19,2,19811.1,19300.0,19550.0,20100.0,20350.0,250.0,3.0,7.4,3.05,1.05,1.1,11.15,1.05,0.7,6.3999999999999995,320.0,19543.6,20106.4,0.4,1.0,3.8399999999999994,12.799999999999999,50,840.0,95.6270815,744.3729185,0.007443729184999999,0.06111436112479474,243.6,12180.0,take_profit
OOS-20231031-20231102-18900-19400,2023-10-31,2023-11-01,2023-11-02,2,19158.2,18650.0,18900.0,19400.0,19650.0,250.0,4.65,18.9,5.75,1.65,1.8,28.1,1.4,0.8,18.35,917.5000000000001,18881.65,19418.35,0.4,1.0,11.01,36.7,50,2262.5000000000005,97.12190245,2165.3780975500003,0.021653780975500005,0.18695256616015543,231.65,11582.5,take_profit
OOS-20231107-20231109-19200-19750,2023-11-07,2023-11-08,2023-11-09,2,19476.9,18950.0,19200.0,19750.0,20000.0,250.0,2.8,9.2,1.9,0.9,0.7,2.35,0.85,0.5,7.4,370.0,19192.6,19757.4,0.4,1.0,4.44,14.8,50,470.0,95.42296280000001,374.5770372,0.003745770372,0.030880217411376754,242.6,12130.0,take_profit
OOS-20231121-20231123-19550-20100,2023-11-21,2023-11-22,2023-11-23,2,19841.3,19300.0,19550.0,20100.0,20350.0,250.0,2.4,6.65,3.55,1.1,0.9,2.05,0.8,0.35,6.699999999999999,334.99999999999994,19543.3,20106.7,0.4,1.0,4.02,13.399999999999999,50,415.00000000000006,95.35064519999999,319.6493548000001,0.0031964935480000007,0.026276149182079742,243.3,12165.0,take_profit
OOS-20231128-20231130-19650-20200,2023-11-28,2023-11-29,2023-11-30,2,19936.7,19400.0,19650.0,20200.0,20450.0,250.0,2.25,5.8,1.75,0.6,2.25,3.15,16.15,0.7,4.7,235.0,19645.3,20204.7,0.4,1.0,2.82,9.4,50,1052.5,95.63437385,956.86562615,0.0095686562615,0.07801594995108031,245.3,12265.0,take_profit
OOS-20231205-20231207-20650-21250,2023-12-05,2023-12-06,2023-12-07,2,20942.6,20400.0,20650.0,21250.0,21500.0,250.0,7.9,19.95,6.8,2.25,1.9,3.9,1.95,0.7,16.6,830.0000000000001,20633.4,21266.6,0.4,1.0,9.96,33.2,50,992.5000000000001,96.83065315000002,895.6693468500001,0.008956693468500001,0.07674972980719795,233.4,11670.0,take_profit
OOS-20231212-20231214-20750-21300,2023-12-12,2023-12-13,2023-12-14,2,21022.95,20500.0,20750.0,21300.0,21550.0,250.0,4.3,21.4,5.3,1.8,1.05,6.75,0.95,0.6,20.599999999999998,1030.0,20729.4,21320.6,0.4,1.0,12.359999999999998,41.199999999999996,50,1332.4999999999998,96.71108435,1235.7889156499998,0.012357889156499997,0.10774096910636441,229.4,11470.0,take_profit
OOS-20231219-20231221-21250-21800,2023-12-19,2023-12-20,2023-12-21,2,21527.75,21000.0,21250.0,21800.0,22050.0,250.0,5.55,16.65,5.85,1.9,27.65,119.1,2.4,1.85,15.049999999999999,752.5,21234.95,21815.05,0.4,1.0,9.03,30.099999999999998,50,5352.500000000001,100.94071854999999,5251.5592814500005,0.0525155928145,0.44703632955522454,234.95,11747.5,take_profit
OOS-20231226-20231228-21200-21750,2023-12-26,2023-12-27,2023-12-28,2,21472.3,20950.0,21200.0,21750.0,22000.0,250.0,7.9,21.9,9.45,1.8,3.4,5.5,30.65,2.0,21.649999999999995,1082.4999999999998,21178.35,21771.65,0.4,1.0,12.989999999999997,43.29999999999999,50,2620.0,98.01683840000001,2521.9831616,0.025219831616000003,0.22088751141668492,228.35,11417.5,take_profit
OOS-20240102-20240104-21450-22050,2024-01-02,2024-01-03,2024-01-04,2,21756.75,21200.0,21450.0,22050.0,22300.0,250.0,5.7,24.4,6.15,2.6,2.05,35.1,1.2,0.9,22.249999999999996,1112.4999999999998,21427.75,22072.25,0.4,1.0,13.349999999999998,44.49999999999999,50,2780.0,97.7592729,2682.2407271,0.026822407271000003,0.2355425446410538,227.75,11387.5,take_profit
OOS-20240109-20240111-21300-21900,2024-01-09,2024-01-10,2024-01-11,2,21616.85,21050.0,21300.0,21900.0,22150.0,250.0,2.4,15.35,6.3,1.95,1.45,3.5,2.25,0.5,17.3,865.0,21282.7,21917.3,0.4,1.0,10.38,34.6,50,1055.0,96.2930433,958.7069567,0.009587069567,0.08239853516974645,232.7,11635.0,take_profit
OOS-20240116-20240118-21750-22350,2024-01-16,2024-01-17,2024-01-18,2,22029.5,21500.0,21750.0,22350.0,22600.0,250.0,6.85,19.75,8.35,2.35,50.3,199.25,1.85,1.45,18.9,944.9999999999999,21731.1,22368.9,0.4,1.0,11.339999999999998,37.8,50,8412.5,104.71666635,8307.78333365,0.08307783333650001,0.7189773547079187,231.1,11555.0,take_profit
OOS-20240123-20240125-20900-21500,2024-01-23,2024-01-24,2024-01-25,2,21194.25,20650.0,20900.0,21500.0,21750.0,250.0,6.45,26.85,27.4,10.8,1.8,3.85,65.35,7.15,37.0,1850.0,20863.0,21537.0,0.4,1.0,22.2,74.0,50,4862.499999999999,100.78877685,4761.711223149999,0.04761711223149999,0.44710903503755856,213.0,10650.0,take_profit
OOS-20240130-20240201-21350-21950,2024-01-30,2024-01-31,2024-02-01,2,21630.5,21100.0,21350.0,21950.0,22200.0,250.0,27.55,75.85,25.7,7.75,9.5,23.35,52.55,17.8,66.25,3312.5,21283.75,22016.25,0.4,1.0,39.75,132.5,50,5742.499999999999,105.98049544999998,5636.5195045499995,0.05636519504549999,0.6134987215836735,183.75,9187.5,take_profit
OOS-20240206-20240208-21700-22300,2024-02-06,2024-02-07,2024-02-08,2,21979.55,21450.0,21700.0,22300.0,22550.0,250.0,13.3,44.05,12.65,1.95,2.45,11.15,3.05,0.7,41.44999999999999,2072.4999999999995,21658.55,22341.45,0.4,1.0,24.869999999999994,82.89999999999998,50,2624.999999999999,99.28598869999999,2525.714011299999,0.025257140112999992,0.2422166397794293,208.55,10427.5,take_profit
OOS-20240213-20240215-21550-22100,2024-02-13,2024-02-14,2024-02-15,2,21823.75,21300.0,21550.0,22100.0,22350.0,250.0,12.3,43.45,10.5,1.3,3.35,10.7,9.15,1.0,40.35000000000001,2017.5000000000005,21509.65,22140.35,0.4,1.0,24.210000000000004,80.70000000000002,50,2792.5000000000005,99.26522575,2693.2347742500006,0.026932347742500005,0.25692676119723357,209.64999999999998,10482.499999999998,take_profit
OOS-20240220-20240222-21900-22500,2024-02-20,2024-02-21,2024-02-22,2,22217.2,21650.0,21900.0,22500.0,22750.0,250.0,9.45,29.45,11.85,1.25,3.3,31.05,2.0,0.95,30.599999999999998,1530.0,21869.4,22530.6,0.4,1.0,18.36,61.199999999999996,50,2970.0,98.59243869999999,2871.4075613,0.028714075613,0.26175091716499543,219.4,10970.0,take_profit
OOS-20240227-20240229-21900-22500,2024-02-27,2024-02-28,2024-02-29,2,22203.05,21650.0,21900.0,22500.0,22750.0,250.0,5.1,22.35,14.45,1.85,12.05,78.2,2.9,1.8,29.849999999999994,1492.4999999999998,21870.15,22529.85,0.4,1.0,17.909999999999997,59.69999999999999,50,4855.0,99.9369133,4755.0630867,0.047550630867,0.4319839279309562,220.15,11007.5,take_profit
OOS-20240305-20240307-22150-22750,2024-03-05,2024-03-06,2024-03-07,2,22433.25,21900.0,22150.0,22750.0,23000.0,250.0,7.9,31.4,3.5,1.15,2.45,7.3,3.35,0.55,25.85,1292.5,22124.15,22775.85,0.4,1.0,15.51,51.7,50,1675.0,97.5173884,1577.4826116,0.015774826116,0.14075240790542048,224.15,11207.5,take_profit
OOS-20240312-20240314-22150-22750,2024-03-12,2024-03-13,2024-03-14,2,22447.05,21900.0,22150.0,22750.0,23000.0,250.0,5.75,28.35,5.95,1.2,49.8,201.25,1.6,1.2,27.350000000000005,1367.5000000000002,22122.65,22777.35,0.4,1.0,16.410000000000004,54.70000000000001,50,8960.0,105.09092589999999,8854.9090741,0.088549090741,0.7954106511655064,222.65,11132.5,take_profit
OOS-20240319-20240321-21600-22200,2024-03-19,2024-03-20,2024-03-21,2,21886.5,21350.0,21600.0,22200.0,22450.0,250.0,5.1,29.0,11.7,3.15,1.25,10.45,2.85,0.65,32.45,1622.5000000000002,21567.55,22232.45,0.4,1.0,19.470000000000002,64.9,50,2192.5000000000005,97.89080734999999,2094.6091926500003,0.0209460919265,0.19256347438749716,217.55,10877.5,take_profit
OOS-20240326-20240328-21800-22400,2024-03-26,2024-03-27,2024-03-28,2,22088.55,21550.0,21800.0,22400.0,22650.0,250.0,5.1,21.1,6.25,1.15,0.9,2.7,2.85,0.45,21.1,1055.0,21778.9,22421.1,0.4,1.0,12.66,42.2,50,1265.0000000000002,96.69141450000001,1168.3085855000002,0.011683085855000002,0.10208026085626913,228.9,11445.0,take_profit
OOS-20240402-20240404-22250-22900,2024-04-02,2024-04-03,2024-04-04,2,22577.5,22000.0,22250.0,22900.0,23150.0,250.0,4.4,21.4,2.75,1.2,1.55,10.65,0.9,0.6,18.55,927.5,22231.45,22918.55,0.4,1.0,11.13,37.1,50,1397.5,96.64053104999999,1300.85946895,0.0130085946895,0.11240954581551091,231.45,11572.5,take_profit
OOS-20240409-20240410-22450-23050,2024-04-09,2024-04-10,2024-04-10,1,22735.35,22200.0,22450.0,23050.0,23300.0,250.0,2.65,12.9,1.4,0.6,0.1,0.15,0.05,0.05,11.05,552.5,22438.95,23061.05,0.4,1.0,6.63,22.1,50,555.0000000000001,95.49836609999998,459.5016339000001,0.004595016339000001,0.03846006561205274,238.95,11947.5,take_profit
OOS-20240416-20240418-21900-22500,2024-04-16,2024-04-18,2024-04-18,2,22200.75,21650.0,21900.0,22500.0,22750.0,250.0,4.05,17.55,3.75,1.05,0.1,0.55,0.15,0.1,16.2,810.0,21883.8,22516.2,0.4,1.0,9.719999999999999,32.4,50,834.9999999999998,96.04905570000001,738.9509442999997,0.007389509442999997,0.06321222791274592,233.8,11690.0,take_profit
OOS-20240423-20240425-22050-22700,2024-04-23,2024-04-24,2024-04-25,2,22371.05,21800.0,22050.0,22700.0,22950.0,250.0,6.75,15.05,5.35,1.35,1.7,4.0,2.25,0.7,12.299999999999999,615.0,22037.7,22712.3,0.4,1.0,7.379999999999999,24.599999999999998,50,807.4999999999999,96.33086435,711.1691356499999,0.0071116913564999995,0.05983753770719394,237.7,11885.0,take_profit
OOS-20240430-20240502-22400-23050,2024-04-30,2024-05-02,2024-05-02,2,22718.3,22150.0,22400.0,23050.0,23300.0,250.0,2.85,18.15,2.2,0.7,0.1,0.15,0.05,0.05,16.799999999999997,419.99999999999994,22383.2,23066.8,0.4,1.0,10.079999999999998,33.599999999999994,25,421.2499999999999,95.16640912500002,326.08359087499986,0.0032608359087499986,0.05593200529588334,233.2,5830.0,take_profit
OOS-20240507-20240509-22100-22700,2024-05-07,2024-05-08,2024-05-09,2,22381.8,21850.0,22100.0,22700.0,22950.0,250.0,6.2,34.45,13.45,3.95,1.6,14.15,2.45,0.75,37.75,943.75,22062.25,22737.75,0.4,1.0,22.65,75.5,25,1300.0,96.47360899999998,1203.526391,0.012035263910000002,0.22681298299175504,212.25,5306.25,take_profit
OOS-20240514-20240516-22000-22600,2024-05-14,2024-05-15,2024-05-16,2,22308.7,21750.0,22000.0,22600.0,22850.0,250.0,8.1,28.25,5.15,1.35,2.05,13.05,1.55,0.55,23.949999999999996,598.7499999999999,21976.05,22623.95,0.4,1.0,14.369999999999997,47.89999999999999,25,898.7500000000001,95.939825225,802.8101747750001,0.00802810174775,0.14205886746737448,226.05,5651.25,take_profit
OOS-20240521-20240523-22300-22900,2024-05-21,2024-05-22,2024-05-23,2,22605.9,22050.0,22300.0,22900.0,23150.0,250.0,8.95,31.85,6.25,1.4,2.1,9.0,2.25,0.4,27.750000000000004,693.7500000000001,22272.25,22927.75,0.4,1.0,16.650000000000002,55.50000000000001,25,912.5,96.0752499,816.4247501,0.008164247501,0.14693808775703038,222.25,5556.25,take_profit
OOS-20240528-20240530-22650-23250,2024-05-28,2024-05-29,2024-05-30,2,22937.25,22400.0,22650.0,23250.0,23500.0,250.0,7.7,27.75,18.5,5.05,7.7,49.85,2.05,1.15,33.5,837.5,22616.5,23283.5,0.4,1.0,20.099999999999998,67.0,25,1913.7499999999995,97.065938875,1816.6840611249995,0.018166840611249995,0.3356460159122401,216.5,5412.5,take_profit
OOS-20240604-20240606-21600-22200,2024-06-04,2024-06-05,2024-06-06,2,21908.15,21350.0,21600.0,22200.0,22450.0,250.0,136.4,213.6,146.5,105.1,5.0,7.8,403.65,222.7,118.60000000000002,2965.0000000000005,21481.4,22318.6,0.4,1.0,71.16000000000001,237.20000000000005,25,7558.749999999999,122.43205837499998,7436.317941625,0.07436317941625,2.2637193125190262,131.39999999999998,3284.9999999999995,take_profit
OOS-20240611-20240613-23000-23650,2024-06-11,2024-06-12,2024-06-13,2,23309.8,22750.0,23000.0,23650.0,23900.0,250.0,10.25,34.45,11.25,2.6,2.4,10.3,5.7,0.9,32.85,821.25,22967.15,23682.85,0.4,1.0,19.71,65.7,25,1138.7500000000002,96.45273532499999,1042.2972646750002,0.010422972646750002,0.19199581205157729,217.15,5428.75,take_profit
OOS-20240618-20240620-23250-23900,2024-06-18,2024-06-19,2024-06-20,2,23568.1,23000.0,23250.0,23900.0,24150.0,250.0,4.85,14.3,4.1,1.0,1.75,9.3,2.95,0.95,12.549999999999999,313.75,23237.45,23912.55,0.4,1.0,7.529999999999999,25.099999999999998,25,552.5,95.3469714,457.15302859999997,0.004571530286,0.0770104070077911,237.45,5936.25,take_profit
OOS-20240625-20240627-23400-24050,2024-06-25,2024-06-26,2024-06-27,2,23731.25,23150.0,23400.0,24050.0,24300.0,250.0,10.35,24.7,9.4,1.8,1.6,3.75,16.55,1.5,21.95,548.75,23378.05,24071.95,0.4,1.0,13.17,43.9,25,978.75,96.075528425,882.674471575,0.00882674471575,0.15482121843016883,228.05,5701.25,take_profit
OOS-20240702-20240704-23900-24550,2024-07-02,2024-07-03,2024-07-04,2,24203.15,23650.0,23900.0,24550.0,24800.0,250.0,8.7,31.2,4.6,1.0,1.35,4.6,6.0,0.6,26.099999999999998,652.5,23873.9,24576.1,0.4,1.0,15.659999999999998,52.199999999999996,25,868.7499999999998,95.960053725,772.7899462749998,0.007727899462749998,0.1380598385484591,223.9,5597.5,take_profit
OOS-20240709-20240711-24150-24800,2024-07-09,2024-07-10,2024-07-11,2,24485.65,23900.0,24150.0,24800.0,25050.0,250.0,4.25,13.85,2.7,0.9,2.5,17.65,0.9,0.5,11.4,285.0,24138.6,24811.4,0.4,1.0,6.84,22.8,25,673.7499999999999,95.35435712499999,578.3956428749999,0.005783956428749999,0.09696490240989102,238.6,5965.0,take_profit
OOS-20240716-20240718-24300-25000,2024-07-16,2024-07-18,2024-07-18,2,24644.45,24050.0,24300.0,25000.0,25250.0,250.0,1.65,6.35,1.2,0.35,0.15,0.2,0.15,0.1,5.550000000000001,138.75000000000003,24294.45,25005.55,0.4,1.0,3.3300000000000005,11.100000000000001,25,141.25000000000003,94.70186067499999,46.54813932500004,0.0004654813932500004,0.007616795144201274,244.45,6111.25,take_profit
OOS-20240723-20240725-24150-24800,2024-07-23,2024-07-24,2024-07-25,2,24463.1,23900.0,24150.0,24800.0,25050.0,250.0,8.95,27.55,25.1,7.6,2.15,15.5,3.35,1.2,36.1,902.5,24113.9,24836.1,0.4,1.0,21.66,72.2,25,1290.0,96.77295130000002,1193.2270487,0.011932270487000001,0.2231373630107527,213.9,5347.5,take_profit
OOS-20240730-20240801-24600-25250,2024-07-30,2024-07-31,2024-08-01,2,24929.1,24350.0,24600.0,25250.0,25500.0,250.0,6.25,21.05,5.55,1.6,3.25,9.9,7.05,1.1,18.75,468.75,24581.25,25268.75,0.4,1.0,11.25,37.5,25,783.7499999999999,95.76961337500002,687.9803866249998,0.006879803866249998,0.1190020128216216,231.25,5781.25,take_profit
OOS-20240806-20240808-23750-24400,2024-08-06,2024-08-07,2024-08-08,2,24056.9,23500.0,23750.0,24400.0,24650.0,250.0,36.65,65.9,24.05,7.4,2.5,5.3,54.85,7.0,45.900000000000006,1147.5000000000002,23704.1,24445.9,0.4,1.0,27.540000000000003,91.80000000000001,25,2413.7500000000005,99.073093925,2314.6769060750003,0.023146769060750003,0.45363584636452725,204.1,5102.5,take_profit
OOS-20240813-20240814-23850-24500,2024-08-13,2024-08-14,2024-08-14,1,24161.0,23600.0,23850.0,24500.0,24750.0,250.0,3.5,12.35,8.65,2.45,0.1,0.15,0.1,0.1,15.05,376.25,23834.95,24515.05,0.4,1.0,9.03,30.1,25,377.50000000000006,95.21836330000001,282.28163670000004,0.0028228163670000004,0.048058163302830394,234.95,5873.75,take_profit
OOS-20240820-20240822-24400-25050,2024-08-20,2024-08-21,2024-08-22,2,24711.25,24150.0,24400.0,25050.0,25300.0,250.0,4.15,13.6,3.65,0.95,1.45,3.65,2.7,0.55,12.15,303.75,24387.85,25062.15,0.4,1.0,7.29,24.3,25,412.5,95.20772065,317.29227935,0.0031729227935,0.053360063796510405,237.85,5946.25,take_profit
OOS-20240827-20240829-24700-25350,2024-08-27,2024-08-28,2024-08-29,2,25017.7,24450.0,24700.0,25350.0,25600.0,250.0,3.35,9.3,3.7,1.05,0.95,2.15,1.95,0.5,8.6,215.0,24691.4,25358.6,0.4,1.0,5.159999999999999,17.2,25,281.25,95.005260775,186.244739225,0.00186244739225,0.030860768719966857,241.4,6035.0,take_profit
OOS-20240903-20240905-25000-25700,2024-09-03,2024-09-04,2024-09-05,2,25354.55,24750.0,25000.0,25700.0,25950.0,250.0,4.0,14.85,2.3,0.9,2.8,16.75,0.9,0.55,12.249999999999998,306.24999999999994,24987.75,25712.25,0.4,1.0,7.349999999999999,24.499999999999996,25,663.7499999999999,95.37517372500001,568.3748262749999,0.0056837482627499995,0.0956256279747634,237.75,5943.75,take_profit
OOS-20240910-20240912-24750-25400,2024-09-10,2024-09-11,2024-09-12,2,25083.0,24500.0,24750.0,25400.0,25650.0,250.0,3.55,12.2,4.35,1.3,2.4,22.5,1.4,0.85,11.699999999999996,292.4999999999999,24738.3,25411.7,0.4,1.0,7.019999999999997,23.39999999999999,25,808.7499999999999,95.41927347500001,713.3307265249998,0.007133307265249998,0.11973658859001256,238.3,5957.5,take_profit
OOS-20240917-20240919-25100-25800,2024-09-17,2024-09-18,2024-09-19,2,25449.8,24850.0,25100.0,25800.0,26050.0,250.0,8.9,22.3,5.1,1.9,11.05,30.0,10.1,2.5,16.6,415.00000000000006,25083.4,25816.6,0.4,1.0,9.96,33.2,25,1078.7500000000002,96.41298582499999,982.3370141750003,0.009823370141750002,0.1683525302784919,233.4,5835.0,take_profit
OOS-20240924-20240926-25600-26300,2024-09-24,2024-09-25,2024-09-26,2,25944.7,25350.0,25600.0,26300.0,26550.0,250.0,7.95,17.6,7.2,2.2,2.8,5.25,5.05,1.0,14.650000000000002,366.25000000000006,25585.35,26314.65,0.4,1.0,8.790000000000001,29.300000000000004,25,528.75,95.638225725,433.111774275,0.00433111774275,0.07361151889101339,235.35,5883.75,take_profit
OOS-20241001-20241003-25600-26300,2024-10-01,2024-10-03,2024-10-03,2,25969.25,25350.0,25600.0,26300.0,26550.0,250.0,2.95,14.1,2.0,0.95,95.0,346.5,0.1,0.1,12.200000000000003,305.00000000000006,25587.8,26312.2,0.4,1.0,7.320000000000001,24.400000000000006,25,6592.5,102.22354765,6490.27645235,0.0649027645235,1.0917201770142977,237.8,5945.0,take_profit
OOS-20241008-20241010-24800-25450,2024-10-08,2024-10-09,2024-10-10,2,25131.65,24550.0,24800.0,25450.0,25700.0,250.0,29.8,70.45,12.1,4.4,5.9,32.7,3.2,1.3,48.35,1208.75,24751.65,25498.35,0.4,1.0,29.009999999999998,96.7,25,1926.2500000000002,98.35149182500001,1827.8985081750002,0.01827898508175,0.36258834776593113,201.65,5041.25,take_profit
OOS-20241015-20241017-24800-25450,2024-10-15,2024-10-16,2024-10-17,2,25118.35,24550.0,24800.0,25450.0,25700.0,250.0,4.95,23.15,6.2,1.75,2.15,13.7,1.55,0.85,22.65,566.25,24777.35,25472.65,0.4,1.0,13.589999999999998,45.3,25,872.4999999999998,95.78746185000001,776.7125381499998,0.007767125381499998,0.1366549440334286,227.35,5683.75,take_profit
OOS-20241022-20241024-24200-24850,2024-10-22,2024-10-23,2024-10-24,2,24538.3,23950.0,24200.0,24850.0,25100.0,250.0,9.0,31.25,17.85,5.6,2.9,15.6,2.45,1.0,34.5,862.5,24165.5,24884.5,0.4,1.0,20.7,69.0,25,1216.2500000000002,96.636350425,1119.6136495750002,0.011196136495750002,0.20781691871461722,215.5,5387.5,take_profit
OOS-20241029-20241031-24150-24800,2024-10-29,2024-10-30,2024-10-31,2,24477.7,23900.0,24150.0,24800.0,25050.0,250.0,7.75,17.7,7.4,2.05,2.8,15.1,1.8,0.8,15.3,382.5,24134.7,24815.3,0.4,1.0,9.18,30.6,25,714.9999999999999,95.71116430000001,619.2888356999999,0.0061928883569999996,0.10554560472092031,234.7,5867.5,take_profit
OOS-20241105-20241107-23950-24600,2024-11-05,2024-11-06,2024-11-07,2,24295.45,23700.0,23950.0,24600.0,24850.0,250.0,36.0,81.45,23.55,4.7,2.05,3.2,35.05,4.65,64.3,1607.5,23885.7,24664.3,0.4,1.0,38.58,128.6,25,2396.25,99.22579792500001,2297.024202075,0.02297024202075,0.49478173442649437,185.7,4642.5,take_profit
OOS-20241112-20241114-23650-24300,2024-11-12,2024-11-13,2024-11-14,2,23959.6,23400.0,23650.0,24300.0,24550.0,250.0,7.15,27.15,14.65,4.65,32.75,137.15,2.1,1.5,30.0,750.0,23620.0,24330.0,0.4,1.0,18.0,60.0,25,3375.0,98.76604445000001,3276.23395555,0.032762339555499995,0.5956789010090908,220.0,5500.0,take_profit
OOS-20241119-20241121-23200-23850,2024-11-19,2024-11-21,2024-11-21,2,23534.8,22950.0,23200.0,23850.0,24100.0,250.0,7.05,25.05,11.2,2.2,0.2,0.3,0.15,0.1,27.0,2025.0,23173.0,23877.0,0.4,1.0,16.2,54.0,75,2036.25,98.59976187499998,1937.650238125,0.01937650238125,0.11585352694319881,223.0,16725.0,take_profit
OOS-20241126-20241128-23900-24550,2024-11-26,2024-11-27,2024-11-28,2,24217.1,23650.0,23900.0,24550.0,24800.0,250.0,10.5,25.45,15.05,3.4,2.2,5.05,7.5,1.1,26.6,1995.0,23873.4,24576.6,0.4,1.0,15.96,53.2,75,2688.75,99.926723375,2588.823276625,0.025888232766249998,0.1545104909952253,223.4,16755.0,take_profit
OOS-20241203-20241205-24200-24900,2024-12-03,2024-12-04,2024-12-05,2,24547.0,23950.0,24200.0,24900.0,25150.0,250.0,22.2,57.3,6.45,1.4,11.55,39.55,4.6,1.0,40.15,3011.25,24159.85,24940.15,0.4,1.0,24.09,80.3,75,5381.249999999999,104.749634675,5276.500365324999,0.05276500365324999,0.3352553643284885,209.85,15738.75,take_profit
OOS-20241210-20241212-24350-25000,2024-12-10,2024-12-11,2024-12-12,2,24682.6,24100.0,24350.0,25000.0,25250.0,250.0,9.15,33.9,17.15,4.7,4.1,10.15,6.65,2.0,37.199999999999996,2789.9999999999995,24312.8,25037.2,0.4,1.0,22.319999999999997,74.39999999999999,75,3592.4999999999995,101.48258779999999,3491.0174121999994,0.034910174121999996,0.2187354268295739,212.8,15960.0,take_profit
OOS-20241217-20241219-24100-24750,2024-12-17,2024-12-18,2024-12-19,2,24417.65,23850.0,24100.0,24750.0,25000.0,250.0,7.0,29.55,26.95,10.9,8.6,38.05,12.7,7.5,38.6,2895.0,24061.4,24788.6,0.4,1.0,23.16,77.2,75,5493.750000000001,104.38718187499998,5389.362818125001,0.05389362818125001,0.3399156618180385,211.4,15855.0,take_profit
OOS-20241224-20241226-23450-24100,2024-12-24,2024-12-26,2024-12-26,2,23770.6,23200.0,23450.0,24100.0,24350.0,250.0,3.6,11.7,6.35,1.5,0.1,0.1,0.1,0.1,12.949999999999998,971.2499999999998,23437.05,24112.95,0.4,1.0,7.769999999999998,25.899999999999995,75,971.2499999999998,96.51222042500002,874.7377795749998,0.008747377795749998,0.04920130940448568,237.05,17778.75,take_profit
OOS-20241231-20250102-23500-24150,2024-12-31,2025-01-01,2025-01-02,2,23805.85,23250.0,23500.0,24150.0,24400.0,250.0,20.25,62.3,9.25,2.4,6.65,34.2,7.65,1.2,48.9,3667.5,23451.1,24198.9,0.4,1.0,29.339999999999996,97.8,75,6217.499999999999,104.97016264999999,6112.529837349999,0.06112529837349999,0.4052729877241836,201.1,15082.5,take_profit
OOS-20250107-20250109-23450-24100,2025-01-07,2025-01-08,2025-01-09,2,23795.05,23200.0,23450.0,24100.0,24350.0,250.0,8.95,36.85,14.8,3.9,3.65,13.3,5.2,1.4,38.800000000000004,2910.0000000000005,23411.2,24138.8,0.4,1.0,23.28,77.60000000000001,75,3918.750000000001,101.458178675,3817.291821325001,0.03817291821325001,0.24099064528566924,211.2,15840.0,take_profit
OOS-20250114-20250116-22950-23600,2025-01-14,2025-01-15,2025-01-16,2,23271.75,22700.0,22950.0,23600.0,23850.0,250.0,8.6,19.65,8.4,3.0,4.15,9.95,3.2,1.4,16.449999999999996,1233.7499999999998,22933.55,23616.45,0.4,1.0,9.869999999999997,32.89999999999999,75,1803.7499999999998,98.78824272500002,1704.9617572749999,0.01704961757275,0.09733600269892242,233.55,17516.25,take_profit
OOS-20250121-20250123-22800-23400,2025-01-21,2025-01-22,2025-01-23,2,23103.2,22550.0,22800.0,23400.0,23650.0,250.0,11.0,37.15,27.2,7.75,2.7,6.65,10.85,2.35,45.599999999999994,3419.9999999999995,22754.4,23445.6,0.4,1.0,27.359999999999996,91.19999999999999,75,4353.749999999999,102.96842127500001,4250.781578724999,0.04250781578724999,0.27728516495270705,204.4,15330.0,take_profit
OOS-20250128-20250130-22650-23300,2025-01-28,2025-01-29,2025-01-30,2,22977.7,22400.0,22650.0,23300.0,23550.0,250.0,11.1,37.65,28.7,6.4,4.0,18.85,77.4,16.75,48.849999999999994,3663.7499999999995,22601.15,23348.85,0.4,1.0,29.309999999999995,97.69999999999999,75,9326.25,107.427541475,9218.822458525,0.09218822458524999,0.6110744856094125,201.15,15086.25,take_profit
OOS-20250204-20250206-23450-24100,2025-02-04,2025-02-05,2025-02-06,2,23785.4,23200.0,23450.0,24100.0,24350.0,250.0,8.8,23.1,6.2,1.6,4.2,12.0,4.45,1.1,18.9,1417.5,23431.1,24118.9,0.4,1.0,11.339999999999998,37.8,75,2253.75,98.964264575,2154.785735425,0.02154785735425,0.12432053860810616,231.1,17332.5,take_profit
OOS-20250211-20250213-22850-23450,2025-02-11,2025-02-12,2025-02-13,2,23153.15,22600.0,22850.0,23450.0,23700.0,250.0,6.0,29.85,20.65,5.35,4.0,25.2,6.15,1.6,39.15,2936.25,22810.85,23489.15,0.4,1.0,23.49,78.3,75,4867.5,101.7726488,4765.7273512,0.047657273512000005,0.3013660486095961,210.85,15813.75,take_profit
OOS-20250218-20250220-22650-23300,2025-02-18,2025-02-19,2025-02-20,2,22972.6,22400.0,22650.0,23300.0,23550.0,250.0,6.3,27.6,16.55,3.25,1.85,11.6,5.65,1.15,34.60000000000001,2595.0000000000005,22615.4,23334.6,0.4,1.0,20.760000000000005,69.20000000000002,75,3663.7500000000005,100.29369582499999,3563.4563041750007,0.03563456304175001,0.22057915841380385,215.39999999999998,16154.999999999998,take_profit
OOS-20250225-20250227-22250-22900,2025-02-25,2025-02-27,2025-02-27,2,22582.15,22000.0,22250.0,22900.0,23150.0,250.0,2.5,6.2,4.2,2.1,0.1,0.1,0.1,0.1,5.800000000000001,435.00000000000006,22244.2,22905.8,0.4,1.0,3.4800000000000004,11.600000000000001,75,435.00000000000006,95.68417790000001,339.31582210000005,0.0033931582210000003,0.018526662413322417,244.2,18315.0,take_profit
OOS-20250304-20250306-21900-22500,2025-03-04,2025-03-05,2025-03-06,2,22191.05,21650.0,21900.0,22500.0,22750.0,250.0,7.6,35.35,6.0,1.35,1.4,4.2,19.3,1.25,32.4,2430.0,21867.6,22532.4,0.4,1.0,19.439999999999998,64.8,75,3993.7500000000005,100.147817075,3893.6021829250003,0.03893602182925,0.23857856513020836,217.6,16320.0,take_profit
OOS-20250311-20250313-22250-22850,2025-03-11,2025-03-12,2025-03-13,2,22564.3,22000.0,22250.0,22850.0,23100.0,250.0,7.5,29.4,7.6,1.4,2.85,11.75,2.6,1.0,28.1,2107.5,22221.9,22878.1,0.4,1.0,16.86,56.2,75,2895.0,99.50723285,2795.49276715,0.0279549276715,0.1679731270632417,221.9,16642.5,take_profit
OOS-20250318-20250320-22600-23200,2025-03-18,2025-03-19,2025-03-20,2,22895.4,22350.0,22600.0,23200.0,23450.0,250.0,8.5,26.9,4.15,1.15,3.75,12.85,7.0,1.15,21.4,1605.0,22578.6,23221.4,0.4,1.0,12.839999999999998,42.8,75,2726.25,99.195731075,2627.054268925,0.02627054268925,0.15322567914406532,228.6,17145.0,take_profit
OOS-20250325-20250327-23400-24050,2025-03-25,2025-03-26,2025-03-27,2,23705.35,23150.0,23400.0,24050.0,24300.0,250.0,9.7,25.1,17.5,4.45,8.75,38.4,3.45,1.9,28.450000000000006,2133.7500000000005,23371.55,24078.45,0.4,1.0,17.070000000000004,56.90000000000001,75,4473.750000000001,101.91343737500002,4371.836562625001,0.043718365626250005,0.26310608967877835,221.55,16616.25,take_profit
OOS-20250401-20250403-23000-23650,2025-04-01,2025-04-02,2025-04-03,2,23321.4,22750.0,23000.0,23650.0,23900.0,250.0,12.1,38.0,7.45,3.15,6.25,13.45,7.5,2.0,30.200000000000003,2265.0,22969.8,23680.2,0.4,1.0,18.12,60.400000000000006,75,3217.5000000000005,101.30155865,3116.1984413500004,0.031161984413500005,0.18903235919623904,219.8,16485.0,take_profit
OOS-20250408-20250409-22300-22950,2025-04-08,2025-04-09,2025-04-09,1,22630.35,22050.0,22300.0,22950.0,23200.0,250.0,48.4,91.8,29.25,13.25,0.15,0.2,0.1,0.1,59.400000000000006,4455.0,22240.6,23009.4,0.4,1.0,35.64,118.80000000000001,75,4458.750000000001,109.32927387499998,4349.420726125001,0.043494207261250015,0.3042616807362715,190.6,14295.0,take_profit
OOS-20250415-20250417-23000-23650,2025-04-15,2025-04-16,2025-04-17,2,23340.9,22750.0,23000.0,23650.0,23900.0,250.0,10.75,22.5,15.5,5.8,3.95,8.85,18.75,4.75,21.45,1608.75,22978.55,23671.45,0.4,1.0,12.87,42.9,75,3026.2499999999995,100.823956475,2925.4260435249994,0.029254260435249993,0.17066585246262667,228.55,17141.25,take_profit
OOS-20250422-20250424-23850-24500,2025-04-22,2025-04-23,2025-04-24,2,24169.0,23600.0,23850.0,24500.0,24750.0,250.0,9.7,18.4,16.1,4.65,7.1,9.7,22.9,7.35,20.15,1511.25,23829.85,24520.15,0.4,1.0,12.089999999999998,40.3,75,2872.5,101.15587715000001,2771.34412285,0.027713441228500002,0.16076247540279892,229.85,17238.75,take_profit
OOS-20250429-20250430-24100-24750,2025-04-29,2025-04-30,2025-04-30,1,24425.3,23850.0,24100.0,24750.0,25000.0,250.0,9.95,16.1,3.05,1.75,0.15,0.2,0.1,0.1,7.450000000000003,558.7500000000002,24092.55,24757.45,0.4,1.0,4.4700000000000015,14.900000000000006,75,562.5000000000002,96.8573939,465.6426061000002,0.004656426061000002,0.025597064858104868,242.55,18191.25,take_profit
OOS-20250506-20250508-24100-24750,2025-05-06,2025-05-07,2025-05-08,2,24431.4,23850.0,24100.0,24750.0,25000.0,250.0,21.15,32.7,6.0,2.75,18.25,26.4,4.6,2.0,14.800000000000004,1110.0000000000002,24085.2,24764.8,0.4,1.0,8.880000000000003,29.60000000000001,75,1916.2500000000002,102.481354475,1813.7686455250002,0.01813768645525,0.10282135178713153,235.2,17640.0,take_profit
OOS-20250513-20250515-24300-24950,2025-05-13,2025-05-14,2025-05-15,2,24640.2,24050.0,24300.0,24950.0,25200.0,250.0,17.45,49.45,34.45,13.15,3.65,12.3,15.6,3.5,53.300000000000004,3997.5000000000005,24246.7,25003.3,0.4,1.0,31.98,106.60000000000001,75,5553.75,106.005921425,5447.7440785750005,0.05447744078575,0.3692759924470429,196.7,14752.5,take_profit
OOS-20250520-20250522-24450-25100,2025-05-20,2025-05-21,2025-05-22,2,24774.6,24200.0,24450.0,25100.0,25350.0,250.0,11.0,31.5,28.1,11.6,4.5,17.3,26.1,6.45,37.0,2775.0,24413.0,25137.0,0.4,1.0,22.2,74.0,75,5208.75,104.08147092500002,5104.668529075,0.05104668529075,0.3195410659827856,213.0,15975.0,take_profit
OOS-20250527-20250529-24550-25200,2025-05-27,2025-05-28,2025-05-29,2,24862.6,24300.0,24550.0,25200.0,25450.0,250.0,24.1,64.8,63.85,22.2,9.15,35.65,14.75,3.95,82.35000000000001,6176.250000000001,24467.65,25282.35,0.4,1.0,49.410000000000004,164.70000000000002,75,8973.75,112.65591657499998,8861.094083425,0.08861094083425,0.704729621904762,167.64999999999998,12573.749999999998,take_profit
OOS-20250603-20250605-24350-25000,2025-06-03,2025-06-04,2025-06-05,2,24675.3,24100.0,24350.0,25000.0,25250.0,250.0,16.2,51.8,30.0,10.1,3.3,12.25,10.75,2.75,55.49999999999999,4162.499999999999,24294.5,25055.5,0.4,1.0,33.3,110.99999999999999,75,5433.75,105.36003402499999,5328.389965975,0.05328389965975001,0.3652709488243359,194.5,14587.5,take_profit
OOS-20250610-20250612-24800-25500,2025-06-10,2025-06-11,2025-06-12,2,25160.6,24550.0,24800.0,25500.0,25750.0,250.0,7.4,20.8,7.6,2.35,2.65,9.05,5.05,1.4,18.65,1398.75,24781.35,25518.65,0.4,1.0,11.19,37.3,75,2152.5,98.63628754999999,2053.86371245,0.020538637124500003,0.11836978387436065,231.35,17351.25,take_profit
OOS-20250617-20250619-24550-25200,2025-06-17,2025-06-18,2025-06-19,2,24868.8,24300.0,24550.0,25200.0,25450.0,250.0,14.9,34.1,12.15,3.25,6.25,20.85,5.9,1.7,28.1,2107.5,24521.9,25228.1,0.4,1.0,16.86,56.2,75,3517.5,101.64441785,3415.85558215,0.0341585558215,0.2052489459005558,221.9,16642.5,take_profit
OOS-20250624-20250626-24750-25400,2025-06-24,2025-06-25,2025-06-26,2,25071.7,24500.0,24750.0,25400.0,25650.0,250.0,8.2,23.4,16.3,4.2,3.55,6.3,20.0,2.9,27.300000000000004,2047.5000000000002,24722.7,25427.3,0.4,1.0,16.380000000000003,54.60000000000001,75,3536.2500000000005,100.58406297500001,3435.6659370250004,0.03435665937025,0.2056977061532705,222.7,16702.5,take_profit
OOS-20250701-20250703-25300-26000,2025-07-01,2025-07-02,2025-07-03,2,25643.3,25050.0,25300.0,26000.0,26250.0,250.0,5.2,17.85,5.85,1.85,3.4,20.25,1.8,0.8,16.650000000000002,1248.7500000000002,25283.35,26016.65,0.4,1.0,9.99,33.300000000000004,75,2587.5000000000005,98.32859450000002,2489.1714055,0.024891714055000003,0.1422282068709378,233.35,17501.25,take_profit
OOS-20250708-20250710-25250-25950,2025-07-08,2025-07-09,2025-07-10,2,25611.9,25000.0,25250.0,25950.0,26200.0,250.0,5.5,15.55,6.3,1.6,3.1,11.35,2.75,1.15,14.750000000000002,1106.2500000000002,25235.25,25964.75,0.4,1.0,8.850000000000001,29.500000000000004,75,1845.0,97.87450355,1747.12549645,0.0174712549645,0.09902234482182075,235.25,17643.75,take_profit
OOS-20250715-20250717-24900-25600,2025-07-15,2025-07-16,2025-07-17,2,25265.6,24650.0,24900.0,25600.0,25850.0,250.0,3.05,9.3,5.7,1.7,1.65,4.65,2.45,0.8,10.25,768.75,24889.75,25610.25,0.4,1.0,6.1499999999999995,20.5,75,1117.5,96.64557305,1020.8544269500001,0.0102085442695,0.056773273657281895,239.75,17981.25,take_profit
OOS-20250722-20250724-24750-25450,2025-07-22,2025-07-23,2025-07-24,2,25093.9,24500.0,24750.0,25450.0,25700.0,250.0,2.4,6.95,4.5,1.65,1.55,2.35,4.65,1.05,7.399999999999999,554.9999999999999,24742.6,25457.4,0.4,1.0,4.439999999999999,14.799999999999997,75,884.9999999999998,96.25830634999997,788.7416936499998,0.007887416936499999,0.0433493648612256,242.6,18195.0,take_profit
OOS-20250729-20250731-24500-25150,2025-07-29,2025-07-30,2025-07-31,2,24838.8,24250.0,24500.0,25150.0,25400.0,250.0,3.25,9.65,12.15,3.15,1.9,4.75,6.3,1.55,15.4,1155.0,24484.6,25165.4,0.4,1.0,9.24,30.8,75,1725.0,97.65942395,1627.34057605,0.0162734057605,0.09248880795964763,234.6,17595.0,take_profit
OOS-20250805-20250807-24350-25050,2025-08-05,2025-08-06,2025-08-07,2,24707.8,24100.0,24350.0,25050.0,25300.0,250.0,3.9,14.5,6.3,1.7,4.05,14.6,2.3,1.1,15.200000000000003,1140.0000000000002,24334.8,25065.2,0.4,1.0,9.120000000000001,30.400000000000006,75,2021.25,97.90190157500001,1923.348098425,0.019233480984249998,0.10921908565729699,234.8,17610.0,take_profit
OOS-20250812-20250814-24200-24900,2025-08-12,2025-08-13,2025-08-14,2,24554.9,23950.0,24200.0,24900.0,25150.0,250.0,3.6,12.15,5.5,1.8,1.95,3.55,4.55,0.95,12.249999999999998,918.7499999999999,24187.75,24912.25,0.4,1.0,7.349999999999999,24.499999999999996,75,1308.75,97.02933717500001,1211.720662825,0.01211720662825,0.06795489171118121,237.75,17831.25,take_profit
OOS-20250819-20250821-24700-25350,2025-08-19,2025-08-20,2025-08-21,2,25033.5,24450.0,24700.0,25350.0,25600.0,250.0,3.15,10.0,4.7,1.2,2.05,4.7,2.5,0.75,10.35,776.25,24689.65,25360.35,0.4,1.0,6.21,20.7,75,1106.25,96.640882175,1009.609117825,0.01009609117825,0.05617131193128869,239.65,17973.75,take_profit
OOS-20250826-20250828-24400-25050,2025-08-26,2025-08-28,2025-08-28,2,24731.5,24150.0,24400.0,25050.0,25300.0,250.0,2.7,7.15,9.8,3.1,0.2,0.3,0.2,0.15,11.150000000000004,836.2500000000003,24388.85,25061.15,0.4,1.0,6.690000000000002,22.300000000000008,75,847.5000000000003,96.44477359999999,751.0552264000004,0.0075105522640000035,0.041926186666666684,238.85,17913.75,take_profit
OOS-20250902-20250909-24350-25050,2025-09-02,2025-09-03,2025-09-09,7,24691.8,24100.0,24350.0,25050.0,25300.0,250.0,18.55,48.15,16.05,4.55,8.6,19.95,19.0,4.35,41.10000000000001,3082.5000000000005,24308.9,25091.1,0.4,1.0,24.660000000000004,82.20000000000002,75,5032.500000000002,104.64990169999999,4927.850098300002,0.049278500983000025,0.31452689314185434,208.89999999999998,15667.499999999998,take_profit
OOS-20250909-20250916-24600-25300,2025-09-09,2025-09-10,2025-09-16,7,24950.3,24350.0,24600.0,25300.0,25550.0,250.0,13.0,36.3,14.5,4.0,7.2,16.15,22.4,5.6,33.8,2535.0,24566.2,25333.8,0.4,1.0,20.279999999999998,67.6,75,4466.249999999999,102.996203525,4363.253796474999,0.04363253796474999,0.26908749901171747,216.2,16215.0,take_profit
OOS-20250916-20250923-25000-25650,2025-09-16,2025-09-17,2025-09-23,7,25331.4,24750.0,25000.0,25650.0,25900.0,250.0,13.7,35.85,19.35,4.75,8.35,18.2,22.7,5.5,36.75,2756.25,24963.25,25686.75,0.4,1.0,22.05,73.5,75,4785.000000000001,103.7008409,4681.299159100001,0.04681299159100001,0.2926955316357953,213.25,15993.75,take_profit
OOS-20250923-20250930-24900-25600,2025-09-23,2025-09-24,2025-09-30,7,25255.8,24650.0,24900.0,25600.0,25850.0,250.0,11.0,27.95,21.85,5.95,10.75,37.0,7.35,3.1,32.849999999999994,2463.7499999999995,24867.15,25632.85,0.4,1.0,19.709999999999997,65.69999999999999,75,4751.249999999999,103.19305932500001,4648.056940674999,0.046480569406749994,0.2853976170496584,217.15,16286.25,take_profit
OOS-20250930-20251007-24300-24950,2025-09-30,2025-10-01,2025-10-07,7,24612.0,24050.0,24300.0,24950.0,25200.0,250.0,10.2,26.95,34.8,8.6,4.05,6.9,57.8,9.45,42.949999999999996,3221.2499999999995,24257.05,24992.95,0.4,1.0,25.769999999999996,85.89999999999999,75,7061.249999999999,105.162955625,6956.087044374999,0.06956087044374999,0.44794893628753113,207.05,15528.75,take_profit
OOS-20251007-20251014-24900-25550,2025-10-07,2025-10-08,2025-10-14,7,25225.3,24650.0,24900.0,25550.0,25800.0,250.0,11.15,31.05,12.4,3.5,11.7,42.7,7.15,2.9,28.800000000000004,2160.0000000000005,24871.2,25578.8,0.4,1.0,17.28,57.60000000000001,75,4803.75,102.705706925,4701.044293075,0.04701044293075,0.28336614183694997,221.2,16590.0,take_profit
OOS-20251014-20251020-24850-25550,2025-10-14,2025-10-15,2025-10-20,6,25206.0,24600.0,24850.0,25550.0,25800.0,250.0,14.7,38.55,22.7,5.8,6.6,11.65,35.05,5.2,40.75,3056.25,24809.25,25590.75,0.4,1.0,24.45,81.5,75,5673.749999999999,104.38660587500001,5569.363394124999,0.055693633941249994,0.3548777949263241,209.25,15693.75,take_profit
OOS-20251021-20251028-25550-26250,2025-10-21,2025-10-23,2025-10-28,7,25906.3,25300.0,25550.0,26250.0,26500.0,250.0,13.0,32.6,25.4,5.75,8.15,17.5,25.2,6.7,39.25,2943.75,25510.75,26289.25,0.4,1.0,23.55,78.5,75,5032.5,104.17384055000001,4928.32615945,0.0492832615945,0.31179604013918544,210.75,15806.25,take_profit
OOS-20251028-20251104-25550-26250,2025-10-28,2025-10-29,2025-11-04,7,25922.4,25300.0,25550.0,26250.0,26500.0,250.0,12.6,31.95,69.15,25.7,7.65,16.0,91.25,29.2,62.80000000000001,4710.000000000001,25487.2,26312.8,0.4,1.0,37.68000000000001,125.60000000000002,75,9990.000000000002,113.88023975,9876.119760250001,0.09876119760250002,0.7034273333511397,187.2,14040.0,take_profit
OOS-20251104-20251111-25350-26050,2025-11-04,2025-11-06,2025-11-11,7,25708.3,25100.0,25350.0,26050.0,26300.0,250.0,17.3,47.65,22.3,7.45,9.35,37.65,6.2,2.65,45.2,3390.0,25304.8,26095.2,0.4,1.0,27.12,90.4,75,5778.75,105.37720992499999,5673.372790075,0.05673372790075,0.3693602076871745,204.8,15360.0,take_profit
OOS-20251111-20251118-25450-26150,2025-11-11,2025-11-12,2025-11-18,7,25811.4,25200.0,25450.0,26150.0,26400.0,250.0,20.3,50.05,28.6,8.05,10.35,21.45,49.15,12.45,50.30000000000001,3772.500000000001,25399.7,26200.3,0.4,1.0,30.180000000000007,100.60000000000002,75,7357.500000000001,108.45651289999999,7249.043487100001,0.072490434871,0.4839955591453848,199.7,14977.5,take_profit
OOS-20251118-20251125-25600-26300,2025-11-18,2025-11-19,2025-11-25,7,25948.8,25350.0,25600.0,26300.0,26550.0,250.0,19.6,48.2,40.55,12.4,10.15,24.4,52.95,13.8,56.75000000000001,4256.250000000001,25543.25,26356.75,0.4,1.0,34.050000000000004,113.50000000000001,75,8261.250000000002,109.996187675,8151.2538123250015,0.08151253812325002,0.5623978481983615,193.25,14493.75,take_profit
OOS-20251125-20251202-25550-26250,2025-11-25,2025-11-26,2025-12-02,7,25886.8,25300.0,25550.0,26250.0,26500.0,250.0,10.15,30.6,37.1,10.6,6.35,10.85,119.55,33.7,46.95,3521.25,25503.05,26296.95,0.4,1.0,28.17,93.9,75,10297.5,110.86367765,10186.63632235,0.1018663632235,0.668908237534269,203.05,15228.75,take_profit
OOS-20251202-20251209-25850-26550,2025-12-02,2025-12-03,2025-12-09,7,26213.0,25600.0,25850.0,26550.0,26800.0,250.0,15.35,48.25,17.3,4.7,16.25,56.85,8.7,3.25,45.49999999999999,3412.4999999999995,25804.5,26595.5,0.4,1.0,27.299999999999994,90.99999999999999,75,6866.25,106.272336275,6759.977663725,0.06759977663725,0.4407483399331703,204.5,15337.5,take_profit
OOS-20251209-20251216-25600-26300,2025-12-09,2025-12-10,2025-12-16,7,25960.2,25350.0,25600.0,26300.0,26550.0,250.0,12.9,40.5,18.05,5.3,17.4,54.95,12.4,4.9,40.35,3026.25,25559.65,26340.35,0.4,1.0,24.21,80.7,75,6405.0,105.82520389999999,6299.1747961,0.062991747961,0.4006152982653629,209.65,15723.75,take_profit
OOS-20251216-20251223-25600-26300,2025-12-16,2025-12-17,2025-12-23,7,25940.7,25350.0,25600.0,26300.0,26550.0,250.0,11.45,34.1,16.85,4.8,8.4,31.5,10.7,4.15,34.7,2602.5,25565.3,26334.7,0.4,1.0,20.82,69.4,75,4826.25,103.082206325,4723.167793675,0.047231677936750004,0.29250148900294165,215.3,16147.5,take_profit
OOS-20251223-20251230-25850-26550,2025-12-23,2025-12-24,2025-12-30,7,26206.9,25600.0,25850.0,26550.0,26800.0,250.0,7.7,19.5,13.2,3.75,3.75,10.1,4.65,1.9,21.250000000000004,1593.7500000000002,25828.75,26571.25,0.4,1.0,12.750000000000002,42.50000000000001,75,2276.25,99.340348925,2176.909651075,0.02176909651075,0.12688726563642988,228.75,17156.25,take_profit
OOS-20251230-20260106-25600-26300,2025-12-30,2025-12-31,2026-01-06,7,25936.8,25350.0,25600.0,26300.0,26550.0,250.0,4.85,12.6,18.95,4.45,4.3,6.3,47.7,7.6,22.249999999999996,1446.2499999999998,25577.75,26322.25,0.4,1.0,13.349999999999998,44.49999999999999,65,4182.750000000001,100.221576475,4082.528423525001,0.04082528423525001,0.2757766392653889,227.75,14803.75,take_profit
OOS-20260106-20260113-25950-26650,2026-01-06,2026-01-07,2026-01-13,7,26285.1,25700.0,25950.0,26650.0,26900.0,250.0,7.65,29.55,8.2,3.0,6.2,27.4,4.45,1.95,27.1,1761.5,25922.9,26677.1,0.4,1.0,16.26,54.2,65,3302.0,99.84625328000001,3202.15374672,0.032021537467200004,0.2210134759788798,222.9,14488.5,take_profit
OOS-20260113-20260120-25450-26150,2026-01-13,2026-01-14,2026-01-20,7,25790.8,25200.0,25450.0,26150.0,26400.0,250.0,17.45,42.5,25.15,8.75,16.5,45.15,14.3,5.25,41.45,2694.25,25408.55,26191.45,0.4,1.0,24.87,82.9,65,5144.749999999999,105.09066108500002,5039.659338914999,0.05039659338914999,0.3717728151459712,208.55,13555.75,take_profit
OOS-20260120-20260127-24900-25600,2026-01-20,2026-01-21,2026-01-27,7,25259.2,24650.0,24900.0,25600.0,25850.0,250.0,22.8,48.95,45.9,18.5,31.85,65.85,27.55,9.7,53.55,3480.75,24846.45,25653.55,0.4,1.0,32.129999999999995,107.1,65,6850.999999999999,110.82713787,6740.172862129999,0.06740172862129999,0.5278440677510424,196.45,12769.25,take_profit
OOS-20260127-20260203-24800-25500,2026-01-27,2026-01-28,2026-02-03,7,25164.2,24550.0,24800.0,25500.0,25750.0,250.0,50.8,88.25,152.0,77.35,26.75,50.05,147.55,68.95,112.1,7286.5,24687.9,25612.1,0.4,1.0,67.25999999999999,224.2,65,13910.0,134.68605139,13775.31394861,0.13775313948610002,1.5368231102370726,137.9,8963.5,take_profit
OOS-20260203-20260210-25450-26150,2026-02-03,2026-02-04,2026-02-10,7,25817.1,25200.0,25450.0,26150.0,26400.0,250.0,36.6,78.1,58.7,26.85,25.6,53.45,43.2,17.0,73.35000000000002,4767.750000000002,25376.65,26223.35,0.4,1.0,44.01000000000001,146.70000000000005,65,8281.000000000002,115.51311215000001,8165.486887850002,0.08165486887850001,0.7111399671536505,176.64999999999998,11482.249999999998,take_profit
OOS-20260210-20260217-25650-26350,2026-02-10,2026-02-11,2026-02-17,7,25985.6,25400.0,25650.0,26350.0,26600.0,250.0,19.7,43.65,22.65,8.35,15.9,33.15,18.1,7.6,38.24999999999999,2486.2499999999995,25611.75,26388.25,0.4,1.0,22.949999999999996,76.49999999999999,65,4290.0,104.94409447000001,4185.05590553,0.0418505590553,0.30406363858178187,211.75,13763.75,take_profit
OOS-20260217-20260224-25400-26100,2026-02-17,2026-02-18,2026-02-24,7,25739.4,25150.0,25400.0,26100.0,26350.0,250.0,25.15,52.2,33.25,10.35,16.95,29.8,36.15,10.45,49.95,3246.75,25350.05,26149.95,0.4,1.0,29.97,99.9,65,5752.5,107.70239781000001,5644.79760219,0.056447976021900007,0.4341066735000865,200.05,13003.25,take_profit
OOS-20260224-20260302-25100-25750,2026-02-24,2026-02-25,2026-03-02,6,25421.7,24850.0,25100.0,25750.0,26000.0,250.0,31.55,64.1,67.25,24.65,19.75,39.45,54.05,17.9,75.15,4884.75,25024.85,25825.15,0.4,1.0,45.09,150.3,65,8515.0,114.25686079,8400.74313921,0.08400743139210001,0.7391604354686435,174.85,11365.25,take_profit
OOS-20260310-20260317-24050-24700,2026-03-10,2026-03-11,2026-03-17,7,24393.6,23800.0,24050.0,24700.0,24950.0,250.0,108.9,166.3,105.7,46.1,254.55,370.65,40.35,20.2,117.0,7605.0,23933.0,24817.0,0.4,1.0,70.2,234.0,65,16461.25,160.999571675,16300.250428325,0.16300250428325,1.8855119061104684,133.0,8645.0,take_profit
OOS-20260317-20260324-23300-23950,2026-03-17,2026-03-18,2026-03-24,7,23617.4,23050.0,23300.0,23950.0,24200.0,250.0,102.3,154.95,98.35,40.8,54.35,84.6,126.3,54.3,110.2,7163.0,23189.8,24060.2,0.4,1.0,66.12,220.4,65,13809.25,137.891641115,13671.358358885,0.13671358358885,1.5044963529091009,139.8,9087.0,take_profit
OOS-20260324-20260330-22600-23250,2026-03-24,2026-03-25,2026-03-30,6,22928.4,22350.0,22600.0,23250.0,23500.0,250.0,137.25,202.05,176.5,100.15,55.4,84.8,305.1,178.35,141.15,9174.75,22458.85,23391.15,0.4,1.0,84.69,282.3,65,19324.499999999996,168.79487432,19155.705125679997,0.19155705125679998,2.7074244903968054,108.85,7075.25,take_profit
OOS-20260407-20260413-22850-23450,2026-04-07,2026-04-08,2026-04-13,6,23151.1,22600.0,22850.0,23450.0,23700.0,250.0,164.05,234.3,177.45,97.25,14.25,20.15,613.05,409.85,150.45,9779.25,22699.55,23600.45,0.4,1.0,90.27,300.9,65,23370.749999999996,197.058488595,23173.691511404995,0.23173691511404995,3.581299155647335,99.55000000000001,6470.750000000001,take_profit
OOS-20260421-20260428-24250-24900,2026-04-21,2026-04-22,2026-04-28,7,24584.5,24000.0,24250.0,24900.0,25150.0,250.0,73.65,124.45,104.85,44.05,89.15,165.55,47.25,18.8,111.60000000000001,7254.000000000001,24138.4,25011.6,0.4,1.0,66.96000000000001,223.20000000000002,65,14069.250000000002,134.942690175,13934.307309825002,0.13934307309825003,1.5489447876639624,138.39999999999998,8995.999999999998,take_profit
OOS-20260428-20260505-23650-24300,2026-04-28,2026-04-29,2026-05-05,7,23993.8,23400.0,23650.0,24300.0,24550.0,250.0,41.1,84.25,95.7,43.1,17.8,38.5,140.0,60.15,95.75,6223.75,23554.25,24395.75,0.4,1.0,57.449999999999996,191.5,65,12759.499999999998,125.69120201999999,12633.808797979998,0.12633808797979998,1.260073187680339,154.25,10026.25,take_profit
OOS-20260505-20260512-23800-24450,2026-05-05,2026-05-06,2026-05-12,7,24106.3,23550.0,23800.0,24450.0,24700.0,250.0,50.3,103.55,68.5,27.1,13.95,30.15,178.05,80.95,94.65,6152.25,23705.35,24544.65,0.4,1.0,56.79,189.3,65,13516.750000000004,127.18425533499999,13389.565744665004,0.13389565744665005,1.3259949735995646,155.35,10097.75,take_profit
OOS-20260512-20260519-23100-23750,2026-05-12,2026-05-13,2026-05-19,7,23424.7,22850.0,23100.0,23750.0,24000.0,250.0,58.9,111.8,110.75,55.6,50.95,95.0,100.4,45.3,108.05000000000001,7023.250000000001,22991.95,23858.05,0.4,1.0,64.83,216.10000000000002,65,13468.000000000004,132.65197779,13335.348022210004,0.13335348022210003,1.4452920066339723,141.95,9226.75,take_profit
OOS-20260519-20260526-23300-23950,2026-05-19,2026-05-20,2026-05-26,7,23612.0,23050.0,23300.0,23950.0,24200.0,250.0,55.8,105.6,83.65,34.05,40.0,80.0,84.6,32.0,99.39999999999999,6460.999999999999,23200.6,24049.4,0.4,1.0,59.63999999999999,198.79999999999998,65,12480.0,125.76094819,12354.23905181,0.1235423905181,1.2620532282980894,150.60000000000002,9789.000000000002,take_profit
OOS-20260526-20260602-23600-24250,2026-05-26,2026-05-27,2026-06-02,7,23913.0,23350.0,23600.0,24250.0,24500.0,250.0,25.25,63.4,72.15,28.65,12.25,37.35,49.45,15.1,81.65,5307.25,23518.35,24331.65,0.4,1.0,48.99,163.3,65,9171.5,113.43629312,9058.06370688,0.09058063706880001,0.8277684957510681,168.35,10942.75,take_profit
OOS-20260602-20260609-23300-23900,2026-06-02,2026-06-03,2026-06-09,7,23603.1,23050.0,23300.0,23900.0,24150.0,250.0,33.45,77.8,61.55,22.8,53.0,112.25,59.0,25.35,83.1,5401.5,23216.9,23983.1,0.4,1.0,49.85999999999999,166.2,65,11440.0,120.97966583999998,11319.02033416,0.11319020334160002,1.0433719255344058,166.9,10848.5,take_profit
OOS-20260609-20260616-23000-23650,2026-06-09,2026-06-10,2026-06-16,7,23331.1,22750.0,23000.0,23650.0,23900.0,250.0,28.35,68.6,59.95,22.6,33.35,84.3,38.45,13.6,77.60000000000002,5044.000000000002,22922.4,23727.6,0.4,1.0,46.56000000000001,155.20000000000005,65,9971.000000000002,115.54727263999999,9855.452727360002,0.09855452727360002,0.8794799863787259,172.39999999999998,11205.999999999998,take_profit
OOS-20260616-20260623-23700-24350,2026-06-16,2026-06-17,2026-06-23,7,24001.0,23450.0,23700.0,24350.0,24600.0,250.0,24.45,61.3,43.45,16.05,13.1,34.75,52.3,17.3,64.25,4176.25,23635.75,24414.25,0.4,1.0,38.55,128.5,65,7858.500000000001,110.50580309000001,7747.994196910001,0.0774799419691,0.6417222649889224,185.75,12073.75,take_profit
OOS-20260623-20260630-23550-24200,2026-06-23,2026-06-24,2026-06-30,7,23852.5,23300.0,23550.0,24200.0,24450.0,250.0,21.95,54.65,46.95,17.1,9.8,21.15,74.3,21.1,62.54999999999999,4065.7499999999995,23487.45,24262.55,0.4,1.0,37.529999999999994,125.09999999999998,65,8261.5,110.4628689,8151.0371311,0.081510371311,0.6689814417054804,187.45000000000002,12184.250000000002,take_profit
OOS-20260630-20260707-23550-24200,2026-06-30,2026-07-01,2026-07-07,7,23861.8,23300.0,23550.0,24200.0,24450.0,250.0,11.35,36.15,68.2,23.65,7.65,21.45,74.55,21.0,69.35,4507.75,23480.65,24269.35,0.4,1.0,41.60999999999999,138.7,65,8885.5,110.4077788,8775.0922212,0.08775092221200001,0.7473092653622603,180.65,11742.25,take_profit
OOS-20260707-20260714-24100-24750,2026-07-07,2026-07-08,2026-07-14,7,24440.3,23850.0,24100.0,24750.0,25000.0,250.0,12.55,38.55,24.45,6.9,176.1,314.25,8.75,4.55,43.550000000000004,2830.7500000000005,24056.45,24793.55,0.4,1.0,26.130000000000003,87.10000000000001,65,12083.5,126.68383587,11956.81616413,0.11956816164129999,0.8910197040915103,206.45,13419.25,take_profit
OOS-20260714-20260721-23700-24350,2026-07-14,2026-07-15,2026-07-21,7,24024.2,23450.0,23700.0,24350.0,24600.0,250.0,28.6,67.45,48.9,15.85,15.0,42.6,48.1,14.5,71.9,4673.5,23628.1,24421.9,0.4,1.0,43.14,143.8,65,8651.5,111.70879020000001,8539.7912098,0.085397912098,0.7376833420982162,178.1,11576.5,take_profit
OOS-20260721-20260728-23850-24500,2026-07-21,2026-07-22,2026-07-28,7,24180.6,23600.0,23850.0,24500.0,24750.0,250.0,19.5,50.85,44.0,13.15,36.75,97.55,19.35,7.5,62.199999999999996,4042.9999999999995,23787.8,24562.2,0.4,1.0,37.31999999999999,124.39999999999999,65,8765.25,111.504071205,8653.745928795,0.08653745928795001,0.7089166813135906,187.8,12207.0,take_profit
OOS-20260728-20260804-23650-24300,2026-07-28,2026-07-29,2026-08-04,7,23973.4,23400.0,23650.0,24300.0,24550.0,250.0,12.2,33.05,48.65,12.9,6.55,12.95,100.2,24.9,56.59999999999999,3678.999999999999,23593.4,24356.6,0.4,1.0,33.959999999999994,113.19999999999997,65,8989.499999999998,108.79245288,8880.707547119999,0.08880707547119998,0.7064440018391535,193.4,12571.0,take_profit
OOS-20260804-20260811-24200-24900,2026-08-04,2026-08-05,2026-08-11,7,24555.6,23950.0,24200.0,24900.0,25150.0,250.0,16.75,44.95,28.05,9.05,8.8,24.6,40.8,12.7,47.2,3068.0,24152.8,24947.2,0.4,1.0,28.32,94.4,65,5921.500000000001,105.71969969,5815.780300310001,0.05815780300310001,0.44119104083674715,202.8,13182.0,take_profit
OOS-20260811-20260818-24200-24850,2026-08-11,2026-08-12,2026-08-18,7,24540.5,23950.0,24200.0,24850.0,25100.0,250.0,13.6,40.95,27.9,6.8,11.35,40.25,13.85,3.5,48.449999999999996,3149.2499999999995,24151.55,24898.45,0.4,1.0,29.069999999999997,96.89999999999999,65,5700.499999999999,104.24478794000001,5596.255212059999,0.055962552120599994,0.4271705980237772,201.55,13100.75,take_profit
OOS-20260818-20260825-23900-24550,2026-08-18,2026-08-19,2026-08-25,7,24230.1,23650.0,23900.0,24550.0,24800.0,250.0,10.5,32.6,26.95,7.65,12.0,41.9,13.0,4.7,41.4,2691.0,23858.6,24591.4,0.4,1.0,24.84,82.8,65,5174.0,103.51810730999999,5070.48189269,0.0507048189269,0.37395692106276274,208.6,13559.0,take_profit
OOS-20260825-20260901-23950-24600,2026-08-25,2026-08-26,2026-09-01,7,24288.1,23700.0,23950.0,24600.0,24850.0,250.0,7.5,16.15,34.15,6.9,4.7,13.2,25.45,6.0,35.9,2333.5,23914.1,24635.9,0.4,1.0,21.54,71.8,65,4150.25,101.538867385,4048.7111326149998,0.040487111326149995,0.29092883502425176,214.1,13916.5,take_profit
OOS-20260901-20260908-23750-24400,2026-09-01,2026-09-02,2026-09-08,7,24090.3,23500.0,23750.0,24400.0,24650.0,250.0,14.8,45.15,20.65,6.4,20.75,62.1,9.85,3.7,44.6,2899.0,23705.4,24444.6,0.4,1.0,26.76,89.2,65,5986.5,105.38533227999999,5881.11466772,0.058811146677200006,0.4404999376615984,205.4,13351.0,take_profit
OOS-20260908-20260915-23450-24050,2026-09-08,2026-09-09,2026-09-15,7,23749.6,23200.0,23450.0,24050.0,24300.0,250.0,14.7,43.65,21.6,6.95,33.05,95.7,8.6,4.65,43.599999999999994,2833.9999999999995,23406.4,24093.6,0.4,1.0,26.159999999999997,87.19999999999999,65,7163.0,107.49972963,7055.50027037,0.0705550027037,0.5259019283221527,206.4,13416.0,take_profit
OOS-20260915-20260922-22900-23550,2026-09-15,2026-09-16,2026-09-22,7,23223.9,22650.0,22900.0,23550.0,23800.0,250.0,36.2,74.65,42.35,12.85,24.85,53.1,38.4,10.25,67.95,4416.75,22832.05,23617.95,0.4,1.0,40.77,135.9,65,8082.750000000002,112.43920800500001,7970.310791995002,0.07970310791995001,0.6735521341977058,182.05,11833.25,take_profit
